ballotID,rank1,rank2,rank3
1,writein,Robert Lilligren,skipped
2,M. Cali,Andy Exley,Laura Jean
3,M. Cali,Andy Exley,Laura Jean
4,M. Cali,Andy Exley,Laura Jean
5,M. Cali,Andy Exley,Laura Jean
6,M. Cali,Andy Exley,Robert Lilligren
7,M. Cali,Andy Exley,Bruce Lundeen
8,M. Cali,Andy Exley,Bruce Lundeen
9,M. Cali,Andy Exley,Bruce Lundeen
10,M. Cali,Andy Exley,Bruce Lundeen
11,M. Cali,Andy Exley,Bruce Lundeen
12,M. Cali,Andy Exley,Michael Tupper
13,M. Cali,Andy Exley,Michael Tupper
14,M. Cali,Andy Exley,Michael Tupper
15,M. Cali,Andy Exley,Michael Tupper
16,M. Cali,Andy Exley,Michael Tupper
17,M. Cali,Andy Exley,Michael Tupper
18,M. Cali,Andy Exley,Michael Tupper
19,M. Cali,Andy Exley,Michael Tupper
20,M. Cali,Andy Exley,Michael Tupper
21,M. Cali,Andy Exley,skipped
22,M. Cali,Andy Exley,skipped
23,M. Cali,Laura Jean,Andy Exley
24,M. Cali,Laura Jean,Andy Exley
25,M. Cali,Laura Jean,Andy Exley
26,M. Cali,Laura Jean,Andy Exley
27,M. Cali,Laura Jean,Andy Exley
28,M. Cali,Laura Jean,Robert Lilligren
29,M. Cali,Laura Jean,Robert Lilligren
30,M. Cali,Laura Jean,Robert Lilligren
31,M. Cali,Laura Jean,skipped
32,M. Cali,Robert Lilligren,Andy Exley
33,M. Cali,Robert Lilligren,Andy Exley
34,M. Cali,Robert Lilligren,Andy Exley
35,M. Cali,Robert Lilligren,Laura Jean
36,M. Cali,Robert Lilligren,Laura Jean
37,M. Cali,Robert Lilligren,Laura Jean
38,M. Cali,Robert Lilligren,Michael Tupper
39,M. Cali,Robert Lilligren,skipped
40,M. Cali,Robert Lilligren,skipped
41,M. Cali,Robert Lilligren,skipped
42,M. Cali,Robert Lilligren,skipped
43,M. Cali,Robert Lilligren,skipped
44,M. Cali,Robert Lilligren,skipped
45,M. Cali,Robert Lilligren,skipped
46,M. Cali,Robert Lilligren,skipped
47,M. Cali,Robert Lilligren,skipped
48,M. Cali,Robert Lilligren,skipped
49,M. Cali,Robert Lilligren,skipped
50,M. Cali,Robert Lilligren,skipped
51,M. Cali,Robert Lilligren,skipped
52,M. Cali,Robert Lilligren,skipped
53,M. Cali,Bruce Lundeen,Andy Exley
54,M. Cali,Bruce Lundeen,Andy Exley
55,M. Cali,Bruce Lundeen,Andy Exley
56,M. Cali,Bruce Lundeen,Andy Exley
57,M. Cali,Bruce Lundeen,Andy Exley
58,M. Cali,Bruce Lundeen,Laura Jean
59,M. Cali,Bruce Lundeen,skipped
60,M. Cali,Bruce Lundeen,skipped
61,M. Cali,Bruce Lundeen,skipped
62,M. Cali,Bruce Lundeen,skipped
63,M. Cali,Michael Tupper,Andy Exley
64,M. Cali,Michael Tupper,Andy Exley
65,M. Cali,Michael Tupper,Andy Exley
66,M. Cali,Michael Tupper,Andy Exley
67,M. Cali,Michael Tupper,Andy Exley
68,M. Cali,Michael Tupper,Andy Exley
69,M. Cali,Michael Tupper,Andy Exley
70,M. Cali,Michael Tupper,Andy Exley
71,M. Cali,Michael Tupper,Andy Exley
72,M. Cali,Michael Tupper,Laura Jean
73,M. Cali,Michael Tupper,Laura Jean
74,M. Cali,Michael Tupper,Laura Jean
75,M. Cali,Michael Tupper,Laura Jean
76,M. Cali,Michael Tupper,Robert Lilligren
77,M. Cali,Michael Tupper,Robert Lilligren
78,M. Cali,Michael Tupper,Bruce Lundeen
79,M. Cali,Michael Tupper,skipped
80,M. Cali,Michael Tupper,skipped
81,M. Cali,Michael Tupper,skipped
82,M. Cali,Michael Tupper,skipped
83,M. Cali,skipped,skipped
84,M. Cali,skipped,skipped
85,M. Cali,skipped,skipped
86,M. Cali,skipped,skipped
87,M. Cali,skipped,skipped
88,M. Cali,skipped,skipped
89,M. Cali,skipped,skipped
90,M. Cali,skipped,skipped
91,M. Cali,skipped,skipped
92,M. Cali,skipped,skipped
93,M. Cali,skipped,skipped
94,M. Cali,skipped,skipped
95,M. Cali,skipped,skipped
96,M. Cali,skipped,skipped
97,M. Cali,skipped,skipped
98,M. Cali,skipped,skipped
99,M. Cali,skipped,skipped
100,M. Cali,skipped,skipped
101,M. Cali,skipped,skipped
102,M. Cali,skipped,skipped
103,M. Cali,skipped,skipped
104,M. Cali,skipped,skipped
105,M. Cali,skipped,skipped
106,M. Cali,skipped,skipped
107,M. Cali,skipped,skipped
108,M. Cali,skipped,skipped
109,M. Cali,skipped,skipped
110,M. Cali,skipped,skipped
111,M. Cali,skipped,skipped
112,M. Cali,skipped,skipped
113,M. Cali,skipped,skipped
114,M. Cali,skipped,skipped
115,M. Cali,skipped,skipped
116,M. Cali,skipped,skipped
117,M. Cali,skipped,skipped
118,M. Cali,skipped,skipped
119,M. Cali,skipped,skipped
120,M. Cali,skipped,skipped
121,M. Cali,skipped,skipped
122,M. Cali,skipped,skipped
123,M. Cali,skipped,skipped
124,M. Cali,skipped,skipped
125,M. Cali,skipped,skipped
126,M. Cali,skipped,skipped
127,M. Cali,skipped,skipped
128,M. Cali,skipped,skipped
129,M. Cali,skipped,skipped
130,M. Cali,skipped,skipped
131,M. Cali,skipped,skipped
132,M. Cali,skipped,skipped
133,M. Cali,skipped,skipped
134,M. Cali,skipped,skipped
135,M. Cali,skipped,skipped
136,M. Cali,skipped,skipped
137,M. Cali,skipped,skipped
138,M. Cali,skipped,skipped
139,M. Cali,skipped,skipped
140,M. Cali,skipped,skipped
141,M. Cali,skipped,skipped
142,M. Cali,skipped,skipped
143,M. Cali,skipped,skipped
144,M. Cali,skipped,skipped
145,M. Cali,skipped,skipped
146,M. Cali,skipped,skipped
147,M. Cali,skipped,skipped
148,M. Cali,skipped,skipped
149,M. Cali,skipped,skipped
150,M. Cali,skipped,skipped
151,M. Cali,skipped,skipped
152,M. Cali,skipped,skipped
153,M. Cali,skipped,skipped
154,M. Cali,skipped,skipped
155,M. Cali,skipped,skipped
156,M. Cali,skipped,skipped
157,M. Cali,skipped,skipped
158,M. Cali,skipped,skipped
159,M. Cali,skipped,skipped
160,Andy Exley,M. Cali,Laura Jean
161,Andy Exley,M. Cali,Laura Jean
162,Andy Exley,M. Cali,Laura Jean
163,Andy Exley,M. Cali,Laura Jean
164,Andy Exley,M. Cali,Laura Jean
165,Andy Exley,M. Cali,Robert Lilligren
166,Andy Exley,M. Cali,Robert Lilligren
167,Andy Exley,M. Cali,Robert Lilligren
168,Andy Exley,M. Cali,Bruce Lundeen
169,Andy Exley,M. Cali,Bruce Lundeen
170,Andy Exley,M. Cali,Bruce Lundeen
171,Andy Exley,M. Cali,Bruce Lundeen
172,Andy Exley,M. Cali,Bruce Lundeen
173,Andy Exley,M. Cali,Bruce Lundeen
174,Andy Exley,M. Cali,Bruce Lundeen
175,Andy Exley,M. Cali,Bruce Lundeen
176,Andy Exley,M. Cali,Bruce Lundeen
177,Andy Exley,M. Cali,Bruce Lundeen
178,Andy Exley,M. Cali,Michael Tupper
179,Andy Exley,M. Cali,Michael Tupper
180,Andy Exley,M. Cali,skipped
181,Andy Exley,M. Cali,skipped
182,Andy Exley,Laura Jean,M. Cali
183,Andy Exley,Laura Jean,M. Cali
184,Andy Exley,Laura Jean,M. Cali
185,Andy Exley,Laura Jean,M. Cali
186,Andy Exley,Laura Jean,M. Cali
187,Andy Exley,Laura Jean,M. Cali
188,Andy Exley,Laura Jean,M. Cali
189,Andy Exley,Laura Jean,M. Cali
190,Andy Exley,Laura Jean,M. Cali
191,Andy Exley,Laura Jean,writein
192,Andy Exley,Laura Jean,Robert Lilligren
193,Andy Exley,Laura Jean,Robert Lilligren
194,Andy Exley,Laura Jean,Robert Lilligren
195,Andy Exley,Laura Jean,Robert Lilligren
196,Andy Exley,Laura Jean,Robert Lilligren
197,Andy Exley,Laura Jean,Robert Lilligren
198,Andy Exley,Laura Jean,Robert Lilligren
199,Andy Exley,Laura Jean,Robert Lilligren
200,Andy Exley,Laura Jean,Robert Lilligren
201,Andy Exley,Laura Jean,Robert Lilligren
202,Andy Exley,Laura Jean,Robert Lilligren
203,Andy Exley,Laura Jean,Bruce Lundeen
204,Andy Exley,Laura Jean,Bruce Lundeen
205,Andy Exley,Laura Jean,Bruce Lundeen
206,Andy Exley,Laura Jean,Bruce Lundeen
207,Andy Exley,Laura Jean,Bruce Lundeen
208,Andy Exley,Laura Jean,Bruce Lundeen
209,Andy Exley,Laura Jean,Bruce Lundeen
210,Andy Exley,Laura Jean,Michael Tupper
211,Andy Exley,Laura Jean,Michael Tupper
212,Andy Exley,Laura Jean,Michael Tupper
213,Andy Exley,Laura Jean,Michael Tupper
214,Andy Exley,Laura Jean,Michael Tupper
215,Andy Exley,Laura Jean,Michael Tupper
216,Andy Exley,Laura Jean,Michael Tupper
217,Andy Exley,Laura Jean,skipped
218,Andy Exley,Laura Jean,skipped
219,Andy Exley,Laura Jean,skipped
220,Andy Exley,Laura Jean,skipped
221,Andy Exley,Laura Jean,skipped
222,Andy Exley,Laura Jean,skipped
223,Andy Exley,Laura Jean,skipped
224,Andy Exley,Laura Jean,skipped
225,Andy Exley,Robert Lilligren,M. Cali
226,Andy Exley,Robert Lilligren,M. Cali
227,Andy Exley,Robert Lilligren,M. Cali
228,Andy Exley,Robert Lilligren,Laura Jean
229,Andy Exley,Robert Lilligren,Laura Jean
230,Andy Exley,Robert Lilligren,Laura Jean
231,Andy Exley,Robert Lilligren,Laura Jean
232,Andy Exley,Robert Lilligren,Laura Jean
233,Andy Exley,Robert Lilligren,Laura Jean
234,Andy Exley,Robert Lilligren,Laura Jean
235,Andy Exley,Robert Lilligren,Laura Jean
236,Andy Exley,Robert Lilligren,Laura Jean
237,Andy Exley,Robert Lilligren,Laura Jean
238,Andy Exley,Robert Lilligren,Laura Jean
239,Andy Exley,Robert Lilligren,Laura Jean
240,Andy Exley,Robert Lilligren,Laura Jean
241,Andy Exley,Robert Lilligren,Laura Jean
242,Andy Exley,Robert Lilligren,Laura Jean
243,Andy Exley,Robert Lilligren,Laura Jean
244,Andy Exley,Robert Lilligren,Laura Jean
245,Andy Exley,Robert Lilligren,Laura Jean
246,Andy Exley,Robert Lilligren,Bruce Lundeen
247,Andy Exley,Robert Lilligren,Bruce Lundeen
248,Andy Exley,Robert Lilligren,Bruce Lundeen
249,Andy Exley,Robert Lilligren,Bruce Lundeen
250,Andy Exley,Robert Lilligren,Michael Tupper
251,Andy Exley,Robert Lilligren,Michael Tupper
252,Andy Exley,Robert Lilligren,Michael Tupper
253,Andy Exley,Robert Lilligren,Michael Tupper
254,Andy Exley,Robert Lilligren,skipped
255,Andy Exley,Robert Lilligren,skipped
256,Andy Exley,Robert Lilligren,skipped
257,Andy Exley,Robert Lilligren,skipped
258,Andy Exley,Robert Lilligren,skipped
259,Andy Exley,Robert Lilligren,skipped
260,Andy Exley,Robert Lilligren,skipped
261,Andy Exley,Robert Lilligren,skipped
262,Andy Exley,Robert Lilligren,skipped
263,Andy Exley,Robert Lilligren,skipped
264,Andy Exley,Robert Lilligren,skipped
265,Andy Exley,Robert Lilligren,skipped
266,Andy Exley,Robert Lilligren,skipped
267,Andy Exley,Bruce Lundeen,M. Cali
268,Andy Exley,Bruce Lundeen,M. Cali
269,Andy Exley,Bruce Lundeen,M. Cali
270,Andy Exley,Bruce Lundeen,M. Cali
271,Andy Exley,Bruce Lundeen,M. Cali
272,Andy Exley,Bruce Lundeen,M. Cali
273,Andy Exley,Bruce Lundeen,Laura Jean
274,Andy Exley,Bruce Lundeen,Laura Jean
275,Andy Exley,Bruce Lundeen,Laura Jean
276,Andy Exley,Bruce Lundeen,Robert Lilligren
277,Andy Exley,Bruce Lundeen,Robert Lilligren
278,Andy Exley,Bruce Lundeen,Robert Lilligren
279,Andy Exley,Bruce Lundeen,Robert Lilligren
280,Andy Exley,Bruce Lundeen,Robert Lilligren
281,Andy Exley,Michael Tupper,M. Cali
282,Andy Exley,Michael Tupper,M. Cali
283,Andy Exley,Michael Tupper,M. Cali
284,Andy Exley,Michael Tupper,M. Cali
285,Andy Exley,Michael Tupper,M. Cali
286,Andy Exley,Michael Tupper,M. Cali
287,Andy Exley,Michael Tupper,M. Cali
288,Andy Exley,Michael Tupper,M. Cali
289,Andy Exley,Michael Tupper,M. Cali
290,Andy Exley,Michael Tupper,M. Cali
291,Andy Exley,Michael Tupper,Laura Jean
292,Andy Exley,Michael Tupper,Laura Jean
293,Andy Exley,Michael Tupper,Laura Jean
294,Andy Exley,Michael Tupper,Laura Jean
295,Andy Exley,Michael Tupper,Laura Jean
296,Andy Exley,Michael Tupper,Robert Lilligren
297,Andy Exley,Michael Tupper,Robert Lilligren
298,Andy Exley,Michael Tupper,Robert Lilligren
299,Andy Exley,Michael Tupper,Bruce Lundeen
300,Andy Exley,Michael Tupper,Bruce Lundeen
301,Andy Exley,Michael Tupper,Bruce Lundeen
302,Andy Exley,Michael Tupper,Bruce Lundeen
303,Andy Exley,Michael Tupper,Bruce Lundeen
304,Andy Exley,Michael Tupper,skipped
305,Andy Exley,Michael Tupper,skipped
306,Andy Exley,skipped,skipped
307,Andy Exley,skipped,skipped
308,Andy Exley,skipped,skipped
309,Andy Exley,skipped,skipped
310,Andy Exley,skipped,skipped
311,Andy Exley,skipped,skipped
312,Andy Exley,skipped,skipped
313,Andy Exley,skipped,skipped
314,Andy Exley,skipped,skipped
315,Andy Exley,skipped,skipped
316,Andy Exley,skipped,skipped
317,Andy Exley,skipped,skipped
318,Andy Exley,skipped,skipped
319,Andy Exley,skipped,skipped
320,Andy Exley,skipped,skipped
321,Andy Exley,skipped,skipped
322,Andy Exley,skipped,skipped
323,Andy Exley,skipped,skipped
324,Andy Exley,skipped,skipped
325,Laura Jean,M. Cali,Andy Exley
326,Laura Jean,M. Cali,Andy Exley
327,Laura Jean,M. Cali,Andy Exley
328,Laura Jean,M. Cali,Andy Exley
329,Laura Jean,M. Cali,Andy Exley
330,Laura Jean,M. Cali,Andy Exley
331,Laura Jean,M. Cali,Bruce Lundeen
332,Laura Jean,M. Cali,Bruce Lundeen
333,Laura Jean,M. Cali,Bruce Lundeen
334,Laura Jean,M. Cali,Bruce Lundeen
335,Laura Jean,M. Cali,Bruce Lundeen
336,Laura Jean,M. Cali,Bruce Lundeen
337,Laura Jean,M. Cali,Michael Tupper
338,Laura Jean,M. Cali,Michael Tupper
339,Laura Jean,Andy Exley,M. Cali
340,Laura Jean,Andy Exley,M. Cali
341,Laura Jean,Andy Exley,M. Cali
342,Laura Jean,Andy Exley,M. Cali
343,Laura Jean,Andy Exley,M. Cali
344,Laura Jean,Andy Exley,M. Cali
345,Laura Jean,Andy Exley,M. Cali
346,Laura Jean,Andy Exley,M. Cali
347,Laura Jean,Andy Exley,M. Cali
348,Laura Jean,Andy Exley,M. Cali
349,Laura Jean,Andy Exley,Robert Lilligren
350,Laura Jean,Andy Exley,Robert Lilligren
351,Laura Jean,Andy Exley,Robert Lilligren
352,Laura Jean,Andy Exley,Robert Lilligren
353,Laura Jean,Andy Exley,Robert Lilligren
354,Laura Jean,Andy Exley,Robert Lilligren
355,Laura Jean,Andy Exley,Robert Lilligren
356,Laura Jean,Andy Exley,Robert Lilligren
357,Laura Jean,Andy Exley,Robert Lilligren
358,Laura Jean,Andy Exley,Robert Lilligren
359,Laura Jean,Andy Exley,Robert Lilligren
360,Laura Jean,Andy Exley,Robert Lilligren
361,Laura Jean,Andy Exley,Robert Lilligren
362,Laura Jean,Andy Exley,Robert Lilligren
363,Laura Jean,Andy Exley,Robert Lilligren
364,Laura Jean,Andy Exley,Bruce Lundeen
365,Laura Jean,Andy Exley,Bruce Lundeen
366,Laura Jean,Andy Exley,Bruce Lundeen
367,Laura Jean,Andy Exley,Bruce Lundeen
368,Laura Jean,Andy Exley,Michael Tupper
369,Laura Jean,Andy Exley,Michael Tupper
370,Laura Jean,Andy Exley,Michael Tupper
371,Laura Jean,Andy Exley,Michael Tupper
372,Laura Jean,Andy Exley,Michael Tupper
373,Laura Jean,Andy Exley,Michael Tupper
374,Laura Jean,Andy Exley,Michael Tupper
375,Laura Jean,Andy Exley,Michael Tupper
376,Laura Jean,Andy Exley,Michael Tupper
377,Laura Jean,Andy Exley,Michael Tupper
378,Laura Jean,Andy Exley,Michael Tupper
379,Laura Jean,Andy Exley,Michael Tupper
380,Laura Jean,Andy Exley,Michael Tupper
381,Laura Jean,Andy Exley,Michael Tupper
382,Laura Jean,Andy Exley,Michael Tupper
383,Laura Jean,Andy Exley,skipped
384,Laura Jean,Andy Exley,skipped
385,Laura Jean,Andy Exley,skipped
386,Laura Jean,Andy Exley,skipped
387,Laura Jean,Andy Exley,skipped
388,Laura Jean,Robert Lilligren,writein
389,Laura Jean,Robert Lilligren,M. Cali
390,Laura Jean,Robert Lilligren,M. Cali
391,Laura Jean,Robert Lilligren,M. Cali
392,Laura Jean,Robert Lilligren,M. Cali
393,Laura Jean,Robert Lilligren,M. Cali
394,Laura Jean,Robert Lilligren,M. Cali
395,Laura Jean,Robert Lilligren,M. Cali
396,Laura Jean,Robert Lilligren,M. Cali
397,Laura Jean,Robert Lilligren,Andy Exley
398,Laura Jean,Robert Lilligren,Andy Exley
399,Laura Jean,Robert Lilligren,Andy Exley
400,Laura Jean,Robert Lilligren,Andy Exley
401,Laura Jean,Robert Lilligren,Andy Exley
402,Laura Jean,Robert Lilligren,Andy Exley
403,Laura Jean,Robert Lilligren,Andy Exley
404,Laura Jean,Robert Lilligren,Andy Exley
405,Laura Jean,Robert Lilligren,Andy Exley
406,Laura Jean,Robert Lilligren,Andy Exley
407,Laura Jean,Robert Lilligren,Andy Exley
408,Laura Jean,Robert Lilligren,Andy Exley
409,Laura Jean,Robert Lilligren,Andy Exley
410,Laura Jean,Robert Lilligren,Andy Exley
411,Laura Jean,Robert Lilligren,Andy Exley
412,Laura Jean,Robert Lilligren,Bruce Lundeen
413,Laura Jean,Robert Lilligren,Bruce Lundeen
414,Laura Jean,Robert Lilligren,Bruce Lundeen
415,Laura Jean,Robert Lilligren,Bruce Lundeen
416,Laura Jean,Robert Lilligren,Bruce Lundeen
417,Laura Jean,Robert Lilligren,Michael Tupper
418,Laura Jean,Robert Lilligren,Michael Tupper
419,Laura Jean,Robert Lilligren,Michael Tupper
420,Laura Jean,Robert Lilligren,Michael Tupper
421,Laura Jean,Robert Lilligren,Michael Tupper
422,Laura Jean,Robert Lilligren,Michael Tupper
423,Laura Jean,Robert Lilligren,Michael Tupper
424,Laura Jean,Robert Lilligren,Michael Tupper
425,Laura Jean,Robert Lilligren,Michael Tupper
426,Laura Jean,Robert Lilligren,Michael Tupper
427,Laura Jean,Robert Lilligren,Michael Tupper
428,Laura Jean,Robert Lilligren,Michael Tupper
429,Laura Jean,Robert Lilligren,Michael Tupper
430,Laura Jean,Robert Lilligren,Michael Tupper
431,Laura Jean,Robert Lilligren,Michael Tupper
432,Laura Jean,Robert Lilligren,Michael Tupper
433,Laura Jean,Robert Lilligren,Michael Tupper
434,Laura Jean,Robert Lilligren,skipped
435,Laura Jean,Robert Lilligren,skipped
436,Laura Jean,Robert Lilligren,skipped
437,Laura Jean,Robert Lilligren,skipped
438,Laura Jean,Robert Lilligren,skipped
439,Laura Jean,Robert Lilligren,skipped
440,Laura Jean,Robert Lilligren,skipped
441,Laura Jean,Robert Lilligren,skipped
442,Laura Jean,Robert Lilligren,skipped
443,Laura Jean,Robert Lilligren,skipped
444,Laura Jean,Robert Lilligren,skipped
445,Laura Jean,Robert Lilligren,skipped
446,Laura Jean,Robert Lilligren,skipped
447,Laura Jean,Robert Lilligren,skipped
448,Laura Jean,Robert Lilligren,skipped
449,Laura Jean,Robert Lilligren,skipped
450,Laura Jean,Robert Lilligren,skipped
451,Laura Jean,Robert Lilligren,skipped
452,Laura Jean,Robert Lilligren,skipped
453,Laura Jean,Robert Lilligren,skipped
454,Laura Jean,Bruce Lundeen,M. Cali
455,Laura Jean,Bruce Lundeen,M. Cali
456,Laura Jean,Bruce Lundeen,M. Cali
457,Laura Jean,Bruce Lundeen,Andy Exley
458,Laura Jean,Bruce Lundeen,Andy Exley
459,Laura Jean,Bruce Lundeen,Andy Exley
460,Laura Jean,Bruce Lundeen,Andy Exley
461,Laura Jean,Bruce Lundeen,Andy Exley
462,Laura Jean,Bruce Lundeen,Andy Exley
463,Laura Jean,Bruce Lundeen,Robert Lilligren
464,Laura Jean,Bruce Lundeen,Robert Lilligren
465,Laura Jean,Bruce Lundeen,Michael Tupper
466,Laura Jean,Bruce Lundeen,Michael Tupper
467,Laura Jean,Bruce Lundeen,Michael Tupper
468,Laura Jean,Bruce Lundeen,Michael Tupper
469,Laura Jean,Bruce Lundeen,skipped
470,Laura Jean,Bruce Lundeen,skipped
471,Laura Jean,Michael Tupper,M. Cali
472,Laura Jean,Michael Tupper,Andy Exley
473,Laura Jean,Michael Tupper,Andy Exley
474,Laura Jean,Michael Tupper,Andy Exley
475,Laura Jean,Michael Tupper,Andy Exley
476,Laura Jean,Michael Tupper,Andy Exley
477,Laura Jean,Michael Tupper,Andy Exley
478,Laura Jean,Michael Tupper,Andy Exley
479,Laura Jean,Michael Tupper,Andy Exley
480,Laura Jean,Michael Tupper,Andy Exley
481,Laura Jean,Michael Tupper,Andy Exley
482,Laura Jean,Michael Tupper,Andy Exley
483,Laura Jean,Michael Tupper,Andy Exley
484,Laura Jean,Michael Tupper,Andy Exley
485,Laura Jean,Michael Tupper,Robert Lilligren
486,Laura Jean,Michael Tupper,Robert Lilligren
487,Laura Jean,Michael Tupper,Robert Lilligren
488,Laura Jean,Michael Tupper,Robert Lilligren
489,Laura Jean,Michael Tupper,Robert Lilligren
490,Laura Jean,Michael Tupper,Robert Lilligren
491,Laura Jean,Michael Tupper,Robert Lilligren
492,Laura Jean,Michael Tupper,Robert Lilligren
493,Laura Jean,Michael Tupper,Bruce Lundeen
494,Laura Jean,Michael Tupper,Bruce Lundeen
495,Laura Jean,Michael Tupper,Bruce Lundeen
496,Laura Jean,Michael Tupper,Bruce Lundeen
497,Laura Jean,Michael Tupper,Bruce Lundeen
498,Laura Jean,Michael Tupper,Bruce Lundeen
499,Laura Jean,Michael Tupper,skipped
500,Laura Jean,Michael Tupper,skipped
501,Laura Jean,Michael Tupper,skipped
502,Laura Jean,Michael Tupper,skipped
503,Laura Jean,Michael Tupper,skipped
504,Laura Jean,skipped,skipped
505,Laura Jean,skipped,skipped
506,Laura Jean,skipped,skipped
507,Laura Jean,skipped,skipped
508,Laura Jean,skipped,skipped
509,Laura Jean,skipped,skipped
510,Laura Jean,skipped,skipped
511,Laura Jean,skipped,skipped
512,Laura Jean,skipped,skipped
513,Laura Jean,skipped,skipped
514,Laura Jean,skipped,skipped
515,Laura Jean,skipped,skipped
516,Laura Jean,skipped,skipped
517,Laura Jean,skipped,skipped
518,Laura Jean,skipped,skipped
519,Laura Jean,skipped,skipped
520,Laura Jean,skipped,skipped
521,Laura Jean,skipped,skipped
522,Laura Jean,skipped,skipped
523,Laura Jean,skipped,skipped
524,Laura Jean,skipped,skipped
525,Laura Jean,skipped,skipped
526,Laura Jean,skipped,skipped
527,Laura Jean,skipped,skipped
528,Laura Jean,skipped,skipped
529,Laura Jean,skipped,skipped
530,Laura Jean,skipped,skipped
531,Laura Jean,skipped,skipped
532,Laura Jean,skipped,skipped
533,Laura Jean,skipped,skipped
534,Laura Jean,skipped,skipped
535,Laura Jean,skipped,skipped
536,Laura Jean,skipped,skipped
537,Laura Jean,skipped,skipped
538,Laura Jean,skipped,skipped
539,Laura Jean,skipped,skipped
540,Laura Jean,skipped,skipped
541,Laura Jean,skipped,skipped
542,Laura Jean,skipped,skipped
543,Laura Jean,skipped,skipped
544,Laura Jean,skipped,skipped
545,Laura Jean,skipped,skipped
546,Laura Jean,skipped,skipped
547,Laura Jean,skipped,skipped
548,Laura Jean,skipped,skipped
549,Laura Jean,skipped,skipped
550,Laura Jean,skipped,skipped
551,Laura Jean,skipped,skipped
552,Laura Jean,skipped,skipped
553,Laura Jean,skipped,skipped
554,Laura Jean,skipped,skipped
555,Laura Jean,skipped,skipped
556,writein,skipped,skipped
557,writein,skipped,skipped
558,Robert Lilligren,M. Cali,Andy Exley
559,Robert Lilligren,M. Cali,Andy Exley
560,Robert Lilligren,M. Cali,Andy Exley
561,Robert Lilligren,M. Cali,Andy Exley
562,Robert Lilligren,M. Cali,Andy Exley
563,Robert Lilligren,M. Cali,Andy Exley
564,Robert Lilligren,M. Cali,Andy Exley
565,Robert Lilligren,M. Cali,Andy Exley
566,Robert Lilligren,M. Cali,Andy Exley
567,Robert Lilligren,M. Cali,Andy Exley
568,Robert Lilligren,M. Cali,Andy Exley
569,Robert Lilligren,M. Cali,Andy Exley
570,Robert Lilligren,M. Cali,Andy Exley
571,Robert Lilligren,M. Cali,Andy Exley
572,Robert Lilligren,M. Cali,Andy Exley
573,Robert Lilligren,M. Cali,Andy Exley
574,Robert Lilligren,M. Cali,Andy Exley
575,Robert Lilligren,M. Cali,Andy Exley
576,Robert Lilligren,M. Cali,Andy Exley
577,Robert Lilligren,M. Cali,Andy Exley
578,Robert Lilligren,M. Cali,writein
579,Robert Lilligren,M. Cali,Laura Jean
580,Robert Lilligren,M. Cali,Laura Jean
581,Robert Lilligren,M. Cali,Laura Jean
582,Robert Lilligren,M. Cali,Laura Jean
583,Robert Lilligren,M. Cali,Laura Jean
584,Robert Lilligren,M. Cali,Laura Jean
585,Robert Lilligren,M. Cali,Laura Jean
586,Robert Lilligren,M. Cali,Bruce Lundeen
587,Robert Lilligren,M. Cali,Bruce Lundeen
588,Robert Lilligren,M. Cali,Bruce Lundeen
589,Robert Lilligren,M. Cali,Bruce Lundeen
590,Robert Lilligren,M. Cali,Bruce Lundeen
591,Robert Lilligren,M. Cali,Bruce Lundeen
592,Robert Lilligren,M. Cali,Bruce Lundeen
593,Robert Lilligren,M. Cali,Bruce Lundeen
594,Robert Lilligren,M. Cali,Bruce Lundeen
595,Robert Lilligren,M. Cali,Bruce Lundeen
596,Robert Lilligren,M. Cali,Bruce Lundeen
597,Robert Lilligren,M. Cali,Bruce Lundeen
598,Robert Lilligren,M. Cali,Bruce Lundeen
599,Robert Lilligren,M. Cali,Bruce Lundeen
600,Robert Lilligren,M. Cali,Bruce Lundeen
601,Robert Lilligren,M. Cali,writein
602,Robert Lilligren,M. Cali,Michael Tupper
603,Robert Lilligren,M. Cali,Michael Tupper
604,Robert Lilligren,M. Cali,Michael Tupper
605,Robert Lilligren,M. Cali,Michael Tupper
606,Robert Lilligren,M. Cali,Michael Tupper
607,Robert Lilligren,M. Cali,Michael Tupper
608,Robert Lilligren,M. Cali,Michael Tupper
609,Robert Lilligren,M. Cali,skipped
610,Robert Lilligren,M. Cali,skipped
611,Robert Lilligren,M. Cali,skipped
612,Robert Lilligren,M. Cali,skipped
613,Robert Lilligren,M. Cali,skipped
614,Robert Lilligren,M. Cali,skipped
615,Robert Lilligren,M. Cali,skipped
616,Robert Lilligren,M. Cali,skipped
617,Robert Lilligren,M. Cali,skipped
618,Robert Lilligren,M. Cali,skipped
619,Robert Lilligren,M. Cali,skipped
620,Robert Lilligren,M. Cali,skipped
621,Robert Lilligren,M. Cali,skipped
622,Robert Lilligren,M. Cali,skipped
623,Robert Lilligren,M. Cali,skipped
624,Robert Lilligren,M. Cali,skipped
625,Robert Lilligren,M. Cali,skipped
626,Robert Lilligren,M. Cali,skipped
627,Robert Lilligren,Andy Exley,M. Cali
628,Robert Lilligren,Andy Exley,M. Cali
629,Robert Lilligren,Andy Exley,M. Cali
630,Robert Lilligren,Andy Exley,M. Cali
631,Robert Lilligren,Andy Exley,M. Cali
632,Robert Lilligren,Andy Exley,M. Cali
633,Robert Lilligren,Andy Exley,M. Cali
634,Robert Lilligren,Andy Exley,M. Cali
635,Robert Lilligren,Andy Exley,M. Cali
636,Robert Lilligren,Andy Exley,M. Cali
637,Robert Lilligren,Andy Exley,M. Cali
638,Robert Lilligren,Andy Exley,M. Cali
639,Robert Lilligren,Andy Exley,M. Cali
640,Robert Lilligren,Andy Exley,Laura Jean
641,Robert Lilligren,Andy Exley,Laura Jean
642,Robert Lilligren,Andy Exley,Laura Jean
643,Robert Lilligren,Andy Exley,Laura Jean
644,Robert Lilligren,Andy Exley,Laura Jean
645,Robert Lilligren,Andy Exley,Laura Jean
646,Robert Lilligren,Andy Exley,Laura Jean
647,Robert Lilligren,Andy Exley,Laura Jean
648,Robert Lilligren,Andy Exley,Laura Jean
649,Robert Lilligren,Andy Exley,Laura Jean
650,Robert Lilligren,Andy Exley,Laura Jean
651,Robert Lilligren,Andy Exley,Laura Jean
652,Robert Lilligren,Andy Exley,Laura Jean
653,Robert Lilligren,Andy Exley,Laura Jean
654,Robert Lilligren,Andy Exley,Laura Jean
655,Robert Lilligren,Andy Exley,Laura Jean
656,Robert Lilligren,Andy Exley,Laura Jean
657,Robert Lilligren,Andy Exley,Laura Jean
658,Robert Lilligren,Andy Exley,Laura Jean
659,Robert Lilligren,Andy Exley,Laura Jean
660,Robert Lilligren,Andy Exley,Laura Jean
661,Robert Lilligren,Andy Exley,Laura Jean
662,Robert Lilligren,Andy Exley,Laura Jean
663,Robert Lilligren,Andy Exley,Laura Jean
664,Robert Lilligren,Andy Exley,Laura Jean
665,Robert Lilligren,Andy Exley,Laura Jean
666,Robert Lilligren,Andy Exley,Laura Jean
667,Robert Lilligren,Andy Exley,Laura Jean
668,Robert Lilligren,Andy Exley,Laura Jean
669,Robert Lilligren,Andy Exley,Laura Jean
670,Robert Lilligren,Andy Exley,Laura Jean
671,Robert Lilligren,Andy Exley,Laura Jean
672,Robert Lilligren,Andy Exley,Laura Jean
673,Robert Lilligren,Andy Exley,Laura Jean
674,Robert Lilligren,Andy Exley,Bruce Lundeen
675,Robert Lilligren,Andy Exley,Bruce Lundeen
676,Robert Lilligren,Andy Exley,Bruce Lundeen
677,Robert Lilligren,Andy Exley,Bruce Lundeen
678,Robert Lilligren,Andy Exley,Bruce Lundeen
679,Robert Lilligren,Andy Exley,Bruce Lundeen
680,Robert Lilligren,Andy Exley,Bruce Lundeen
681,Robert Lilligren,Andy Exley,Bruce Lundeen
682,Robert Lilligren,Andy Exley,Bruce Lundeen
683,Robert Lilligren,Andy Exley,Bruce Lundeen
684,Robert Lilligren,Andy Exley,Bruce Lundeen
685,Robert Lilligren,Andy Exley,Bruce Lundeen
686,Robert Lilligren,Andy Exley,Bruce Lundeen
687,Robert Lilligren,Andy Exley,Bruce Lundeen
688,Robert Lilligren,Andy Exley,Bruce Lundeen
689,Robert Lilligren,Andy Exley,Bruce Lundeen
690,Robert Lilligren,Andy Exley,Bruce Lundeen
691,Robert Lilligren,Andy Exley,Bruce Lundeen
692,Robert Lilligren,Andy Exley,Bruce Lundeen
693,Robert Lilligren,Andy Exley,Bruce Lundeen
694,Robert Lilligren,Andy Exley,Bruce Lundeen
695,Robert Lilligren,Andy Exley,writein
696,Robert Lilligren,Andy Exley,Michael Tupper
697,Robert Lilligren,Andy Exley,Michael Tupper
698,Robert Lilligren,Andy Exley,Michael Tupper
699,Robert Lilligren,Andy Exley,Michael Tupper
700,Robert Lilligren,Andy Exley,Michael Tupper
701,Robert Lilligren,Andy Exley,Michael Tupper
702,Robert Lilligren,Andy Exley,Michael Tupper
703,Robert Lilligren,Andy Exley,Michael Tupper
704,Robert Lilligren,Andy Exley,Michael Tupper
705,Robert Lilligren,Andy Exley,Michael Tupper
706,Robert Lilligren,Andy Exley,Michael Tupper
707,Robert Lilligren,Andy Exley,Michael Tupper
708,Robert Lilligren,Andy Exley,Michael Tupper
709,Robert Lilligren,Andy Exley,Michael Tupper
710,Robert Lilligren,Andy Exley,Michael Tupper
711,Robert Lilligren,Andy Exley,Michael Tupper
712,Robert Lilligren,Andy Exley,skipped
713,Robert Lilligren,Andy Exley,skipped
714,Robert Lilligren,Andy Exley,skipped
715,Robert Lilligren,Andy Exley,skipped
716,Robert Lilligren,Andy Exley,skipped
717,Robert Lilligren,Andy Exley,skipped
718,Robert Lilligren,Andy Exley,skipped
719,Robert Lilligren,Andy Exley,skipped
720,Robert Lilligren,Andy Exley,skipped
721,Robert Lilligren,Andy Exley,skipped
722,Robert Lilligren,Andy Exley,skipped
723,Robert Lilligren,Andy Exley,skipped
724,Robert Lilligren,Andy Exley,skipped
725,Robert Lilligren,Andy Exley,skipped
726,Robert Lilligren,Andy Exley,skipped
727,Robert Lilligren,Andy Exley,skipped
728,Robert Lilligren,Andy Exley,skipped
729,Robert Lilligren,Andy Exley,skipped
730,Robert Lilligren,Andy Exley,skipped
731,Robert Lilligren,Andy Exley,skipped
732,Robert Lilligren,Andy Exley,skipped
733,Robert Lilligren,Andy Exley,skipped
734,Robert Lilligren,Andy Exley,skipped
735,Robert Lilligren,Andy Exley,skipped
736,Robert Lilligren,Andy Exley,skipped
737,Robert Lilligren,Andy Exley,skipped
738,Robert Lilligren,Andy Exley,skipped
739,Robert Lilligren,Andy Exley,skipped
740,Robert Lilligren,Andy Exley,skipped
741,Robert Lilligren,Andy Exley,skipped
742,Robert Lilligren,Laura Jean,M. Cali
743,Robert Lilligren,Laura Jean,M. Cali
744,Robert Lilligren,Laura Jean,M. Cali
745,Robert Lilligren,Laura Jean,M. Cali
746,Robert Lilligren,Laura Jean,M. Cali
747,Robert Lilligren,Laura Jean,M. Cali
748,Robert Lilligren,Laura Jean,M. Cali
749,Robert Lilligren,Laura Jean,M. Cali
750,Robert Lilligren,Laura Jean,M. Cali
751,Robert Lilligren,Laura Jean,M. Cali
752,Robert Lilligren,Laura Jean,M. Cali
753,Robert Lilligren,Laura Jean,M. Cali
754,Robert Lilligren,Laura Jean,M. Cali
755,Robert Lilligren,Laura Jean,M. Cali
756,Robert Lilligren,Laura Jean,M. Cali
757,Robert Lilligren,Laura Jean,M. Cali
758,Robert Lilligren,Laura Jean,M. Cali
759,Robert Lilligren,Laura Jean,M. Cali
760,Robert Lilligren,Laura Jean,M. Cali
761,Robert Lilligren,Laura Jean,M. Cali
762,Robert Lilligren,Laura Jean,M. Cali
763,Robert Lilligren,Laura Jean,M. Cali
764,Robert Lilligren,Laura Jean,M. Cali
765,Robert Lilligren,Laura Jean,M. Cali
766,Robert Lilligren,Laura Jean,M. Cali
767,Robert Lilligren,Laura Jean,M. Cali
768,Robert Lilligren,Laura Jean,Andy Exley
769,Robert Lilligren,Laura Jean,Andy Exley
770,Robert Lilligren,Laura Jean,Andy Exley
771,Robert Lilligren,Laura Jean,Andy Exley
772,Robert Lilligren,Laura Jean,Andy Exley
773,Robert Lilligren,Laura Jean,Andy Exley
774,Robert Lilligren,Laura Jean,Andy Exley
775,Robert Lilligren,Laura Jean,Andy Exley
776,Robert Lilligren,Laura Jean,Andy Exley
777,Robert Lilligren,Laura Jean,Andy Exley
778,Robert Lilligren,Laura Jean,Andy Exley
779,Robert Lilligren,Laura Jean,Andy Exley
780,Robert Lilligren,Laura Jean,Andy Exley
781,Robert Lilligren,Laura Jean,Andy Exley
782,Robert Lilligren,Laura Jean,Andy Exley
783,Robert Lilligren,Laura Jean,Andy Exley
784,Robert Lilligren,Laura Jean,Andy Exley
785,Robert Lilligren,Laura Jean,Andy Exley
786,Robert Lilligren,Laura Jean,Andy Exley
787,Robert Lilligren,Laura Jean,Andy Exley
788,Robert Lilligren,Laura Jean,Andy Exley
789,Robert Lilligren,Laura Jean,Andy Exley
790,Robert Lilligren,Laura Jean,Andy Exley
791,Robert Lilligren,Laura Jean,Andy Exley
792,Robert Lilligren,Laura Jean,Andy Exley
793,Robert Lilligren,Laura Jean,Andy Exley
794,Robert Lilligren,Laura Jean,Andy Exley
795,Robert Lilligren,Laura Jean,Andy Exley
796,Robert Lilligren,Laura Jean,Andy Exley
797,Robert Lilligren,Laura Jean,Andy Exley
798,Robert Lilligren,Laura Jean,Andy Exley
799,Robert Lilligren,Laura Jean,Andy Exley
800,Robert Lilligren,Laura Jean,Andy Exley
801,Robert Lilligren,Laura Jean,Bruce Lundeen
802,Robert Lilligren,Laura Jean,Bruce Lundeen
803,Robert Lilligren,Laura Jean,Bruce Lundeen
804,Robert Lilligren,Laura Jean,Bruce Lundeen
805,Robert Lilligren,Laura Jean,Bruce Lundeen
806,Robert Lilligren,Laura Jean,Bruce Lundeen
807,Robert Lilligren,Laura Jean,Bruce Lundeen
808,Robert Lilligren,Laura Jean,Bruce Lundeen
809,Robert Lilligren,Laura Jean,Bruce Lundeen
810,Robert Lilligren,Laura Jean,Bruce Lundeen
811,Robert Lilligren,Laura Jean,Bruce Lundeen
812,Robert Lilligren,Laura Jean,Bruce Lundeen
813,Robert Lilligren,Laura Jean,Bruce Lundeen
814,Robert Lilligren,Laura Jean,Bruce Lundeen
815,Robert Lilligren,Laura Jean,Bruce Lundeen
816,Robert Lilligren,Laura Jean,Bruce Lundeen
817,Robert Lilligren,Laura Jean,Bruce Lundeen
818,Robert Lilligren,Laura Jean,Bruce Lundeen
819,Robert Lilligren,Laura Jean,Bruce Lundeen
820,Robert Lilligren,Laura Jean,Bruce Lundeen
821,Robert Lilligren,Laura Jean,Bruce Lundeen
822,Robert Lilligren,Laura Jean,Bruce Lundeen
823,Robert Lilligren,Laura Jean,Bruce Lundeen
824,Robert Lilligren,Laura Jean,Bruce Lundeen
825,Robert Lilligren,Laura Jean,Bruce Lundeen
826,Robert Lilligren,Laura Jean,Bruce Lundeen
827,Robert Lilligren,Laura Jean,Bruce Lundeen
828,Robert Lilligren,Laura Jean,Bruce Lundeen
829,Robert Lilligren,Laura Jean,Bruce Lundeen
830,Robert Lilligren,Laura Jean,Bruce Lundeen
831,Robert Lilligren,Laura Jean,Bruce Lundeen
832,Robert Lilligren,Laura Jean,Bruce Lundeen
833,Robert Lilligren,Laura Jean,Bruce Lundeen
834,Robert Lilligren,Laura Jean,Bruce Lundeen
835,Robert Lilligren,Laura Jean,Bruce Lundeen
836,Robert Lilligren,Laura Jean,Bruce Lundeen
837,Robert Lilligren,Laura Jean,Bruce Lundeen
838,Robert Lilligren,Laura Jean,writein
839,Robert Lilligren,Laura Jean,Michael Tupper
840,Robert Lilligren,Laura Jean,Michael Tupper
841,Robert Lilligren,Laura Jean,Michael Tupper
842,Robert Lilligren,Laura Jean,Michael Tupper
843,Robert Lilligren,Laura Jean,Michael Tupper
844,Robert Lilligren,Laura Jean,Michael Tupper
845,Robert Lilligren,Laura Jean,Michael Tupper
846,Robert Lilligren,Laura Jean,Michael Tupper
847,Robert Lilligren,Laura Jean,Michael Tupper
848,Robert Lilligren,Laura Jean,Michael Tupper
849,Robert Lilligren,Laura Jean,Michael Tupper
850,Robert Lilligren,Laura Jean,Michael Tupper
851,Robert Lilligren,Laura Jean,Michael Tupper
852,Robert Lilligren,Laura Jean,Michael Tupper
853,Robert Lilligren,Laura Jean,Michael Tupper
854,Robert Lilligren,Laura Jean,Michael Tupper
855,Robert Lilligren,Laura Jean,Michael Tupper
856,Robert Lilligren,Laura Jean,Michael Tupper
857,Robert Lilligren,Laura Jean,Michael Tupper
858,Robert Lilligren,Laura Jean,Michael Tupper
859,Robert Lilligren,Laura Jean,Michael Tupper
860,Robert Lilligren,Laura Jean,Michael Tupper
861,Robert Lilligren,Laura Jean,Michael Tupper
862,Robert Lilligren,Laura Jean,Michael Tupper
863,Robert Lilligren,Laura Jean,Michael Tupper
864,Robert Lilligren,Laura Jean,Michael Tupper
865,Robert Lilligren,Laura Jean,Michael Tupper
866,Robert Lilligren,Laura Jean,Michael Tupper
867,Robert Lilligren,Laura Jean,Michael Tupper
868,Robert Lilligren,Laura Jean,Michael Tupper
869,Robert Lilligren,Laura Jean,Michael Tupper
870,Robert Lilligren,Laura Jean,Michael Tupper
871,Robert Lilligren,Laura Jean,Michael Tupper
872,Robert Lilligren,Laura Jean,Michael Tupper
873,Robert Lilligren,Laura Jean,Michael Tupper
874,Robert Lilligren,Laura Jean,Michael Tupper
875,Robert Lilligren,Laura Jean,Michael Tupper
876,Robert Lilligren,Laura Jean,Michael Tupper
877,Robert Lilligren,Laura Jean,skipped
878,Robert Lilligren,Laura Jean,skipped
879,Robert Lilligren,Laura Jean,skipped
880,Robert Lilligren,Laura Jean,skipped
881,Robert Lilligren,Laura Jean,skipped
882,Robert Lilligren,Laura Jean,skipped
883,Robert Lilligren,Laura Jean,skipped
884,Robert Lilligren,Laura Jean,skipped
885,Robert Lilligren,Laura Jean,skipped
886,Robert Lilligren,Laura Jean,skipped
887,Robert Lilligren,Laura Jean,skipped
888,Robert Lilligren,Laura Jean,skipped
889,Robert Lilligren,Laura Jean,skipped
890,Robert Lilligren,Laura Jean,skipped
891,Robert Lilligren,Laura Jean,skipped
892,Robert Lilligren,Laura Jean,skipped
893,Robert Lilligren,Laura Jean,skipped
894,Robert Lilligren,Laura Jean,skipped
895,Robert Lilligren,Laura Jean,skipped
896,Robert Lilligren,Laura Jean,skipped
897,Robert Lilligren,Laura Jean,skipped
898,Robert Lilligren,Laura Jean,skipped
899,Robert Lilligren,Laura Jean,skipped
900,Robert Lilligren,Laura Jean,skipped
901,Robert Lilligren,Laura Jean,skipped
902,Robert Lilligren,Laura Jean,skipped
903,Robert Lilligren,Laura Jean,skipped
904,Robert Lilligren,Laura Jean,skipped
905,Robert Lilligren,Laura Jean,skipped
906,Robert Lilligren,Laura Jean,skipped
907,Robert Lilligren,Laura Jean,skipped
908,Robert Lilligren,Laura Jean,skipped
909,Robert Lilligren,Laura Jean,skipped
910,Robert Lilligren,Laura Jean,skipped
911,Robert Lilligren,Laura Jean,skipped
912,Robert Lilligren,Laura Jean,skipped
913,Robert Lilligren,Laura Jean,skipped
914,Robert Lilligren,Laura Jean,skipped
915,Robert Lilligren,Laura Jean,skipped
916,Robert Lilligren,Laura Jean,skipped
917,Robert Lilligren,Laura Jean,skipped
918,Robert Lilligren,Laura Jean,skipped
919,Robert Lilligren,Laura Jean,skipped
920,Robert Lilligren,Laura Jean,skipped
921,Robert Lilligren,Laura Jean,skipped
922,Robert Lilligren,Laura Jean,skipped
923,Robert Lilligren,Laura Jean,skipped
924,Robert Lilligren,Laura Jean,skipped
925,Robert Lilligren,Laura Jean,skipped
926,Robert Lilligren,Laura Jean,skipped
927,Robert Lilligren,Laura Jean,skipped
928,Robert Lilligren,Laura Jean,skipped
929,Robert Lilligren,Laura Jean,skipped
930,Robert Lilligren,Laura Jean,skipped
931,Robert Lilligren,Laura Jean,skipped
932,Robert Lilligren,Laura Jean,skipped
933,Robert Lilligren,Laura Jean,skipped
934,Robert Lilligren,Laura Jean,skipped
935,Robert Lilligren,Laura Jean,skipped
936,Robert Lilligren,Laura Jean,skipped
937,Robert Lilligren,Laura Jean,skipped
938,Robert Lilligren,Laura Jean,skipped
939,Robert Lilligren,Laura Jean,skipped
940,Robert Lilligren,Laura Jean,skipped
941,Robert Lilligren,Laura Jean,skipped
942,Robert Lilligren,Laura Jean,skipped
943,Robert Lilligren,Laura Jean,skipped
944,Robert Lilligren,Laura Jean,skipped
945,Robert Lilligren,Laura Jean,skipped
946,Robert Lilligren,Laura Jean,skipped
947,Robert Lilligren,Laura Jean,skipped
948,Robert Lilligren,Laura Jean,skipped
949,Robert Lilligren,Laura Jean,skipped
950,Robert Lilligren,Laura Jean,skipped
951,Robert Lilligren,Laura Jean,skipped
952,Robert Lilligren,Laura Jean,skipped
953,Robert Lilligren,Laura Jean,skipped
954,Robert Lilligren,Laura Jean,skipped
955,Robert Lilligren,Laura Jean,skipped
956,Robert Lilligren,Laura Jean,skipped
957,Robert Lilligren,Laura Jean,skipped
958,Robert Lilligren,Laura Jean,writein
959,Robert Lilligren,Bruce Lundeen,M. Cali
960,Robert Lilligren,Bruce Lundeen,M. Cali
961,Robert Lilligren,Bruce Lundeen,M. Cali
962,Robert Lilligren,Bruce Lundeen,M. Cali
963,Robert Lilligren,Bruce Lundeen,M. Cali
964,Robert Lilligren,Bruce Lundeen,M. Cali
965,Robert Lilligren,Bruce Lundeen,M. Cali
966,Robert Lilligren,Bruce Lundeen,M. Cali
967,Robert Lilligren,Bruce Lundeen,M. Cali
968,Robert Lilligren,Bruce Lundeen,M. Cali
969,Robert Lilligren,Bruce Lundeen,M. Cali
970,Robert Lilligren,Bruce Lundeen,M. Cali
971,Robert Lilligren,Bruce Lundeen,M. Cali
972,Robert Lilligren,Bruce Lundeen,M. Cali
973,Robert Lilligren,Bruce Lundeen,Andy Exley
974,Robert Lilligren,Bruce Lundeen,Andy Exley
975,Robert Lilligren,Bruce Lundeen,Andy Exley
976,Robert Lilligren,Bruce Lundeen,Andy Exley
977,Robert Lilligren,Bruce Lundeen,Andy Exley
978,Robert Lilligren,Bruce Lundeen,Andy Exley
979,Robert Lilligren,Bruce Lundeen,Andy Exley
980,Robert Lilligren,Bruce Lundeen,Andy Exley
981,Robert Lilligren,Bruce Lundeen,Andy Exley
982,Robert Lilligren,Bruce Lundeen,Andy Exley
983,Robert Lilligren,Bruce Lundeen,Andy Exley
984,Robert Lilligren,Bruce Lundeen,Andy Exley
985,Robert Lilligren,Bruce Lundeen,Andy Exley
986,Robert Lilligren,Bruce Lundeen,Andy Exley
987,Robert Lilligren,Bruce Lundeen,Andy Exley
988,Robert Lilligren,Bruce Lundeen,Andy Exley
989,Robert Lilligren,Bruce Lundeen,Andy Exley
990,Robert Lilligren,Bruce Lundeen,Andy Exley
991,Robert Lilligren,Bruce Lundeen,Andy Exley
992,Robert Lilligren,Bruce Lundeen,Andy Exley
993,Robert Lilligren,Bruce Lundeen,Andy Exley
994,Robert Lilligren,Bruce Lundeen,Andy Exley
995,Robert Lilligren,Bruce Lundeen,Laura Jean
996,Robert Lilligren,Bruce Lundeen,Laura Jean
997,Robert Lilligren,Bruce Lundeen,Laura Jean
998,Robert Lilligren,Bruce Lundeen,Laura Jean
999,Robert Lilligren,Bruce Lundeen,Laura Jean
1000,Robert Lilligren,Bruce Lundeen,Laura Jean
1001,Robert Lilligren,Bruce Lundeen,Laura Jean
1002,Robert Lilligren,Bruce Lundeen,Laura Jean
1003,Robert Lilligren,Bruce Lundeen,Laura Jean
1004,Robert Lilligren,Bruce Lundeen,Laura Jean
1005,Robert Lilligren,Bruce Lundeen,Michael Tupper
1006,Robert Lilligren,Bruce Lundeen,Michael Tupper
1007,Robert Lilligren,Bruce Lundeen,Michael Tupper
1008,Robert Lilligren,Bruce Lundeen,Michael Tupper
1009,Robert Lilligren,Bruce Lundeen,Michael Tupper
1010,Robert Lilligren,Bruce Lundeen,Michael Tupper
1011,Robert Lilligren,Bruce Lundeen,Michael Tupper
1012,Robert Lilligren,Bruce Lundeen,Michael Tupper
1013,Robert Lilligren,Bruce Lundeen,Michael Tupper
1014,Robert Lilligren,Bruce Lundeen,Michael Tupper
1015,Robert Lilligren,Bruce Lundeen,skipped
1016,Robert Lilligren,Bruce Lundeen,skipped
1017,Robert Lilligren,Bruce Lundeen,skipped
1018,Robert Lilligren,Bruce Lundeen,skipped
1019,Robert Lilligren,Bruce Lundeen,skipped
1020,Robert Lilligren,Bruce Lundeen,skipped
1021,Robert Lilligren,Bruce Lundeen,skipped
1022,Robert Lilligren,Bruce Lundeen,skipped
1023,Robert Lilligren,Bruce Lundeen,skipped
1024,Robert Lilligren,Bruce Lundeen,skipped
1025,Robert Lilligren,Bruce Lundeen,skipped
1026,Robert Lilligren,Bruce Lundeen,skipped
1027,Robert Lilligren,Bruce Lundeen,skipped
1028,Robert Lilligren,Bruce Lundeen,skipped
1029,Robert Lilligren,writein,writein
1030,Robert Lilligren,writein,writein
1031,Robert Lilligren,Michael Tupper,M. Cali
1032,Robert Lilligren,Michael Tupper,M. Cali
1033,Robert Lilligren,Michael Tupper,M. Cali
1034,Robert Lilligren,Michael Tupper,Andy Exley
1035,Robert Lilligren,Michael Tupper,Andy Exley
1036,Robert Lilligren,Michael Tupper,Andy Exley
1037,Robert Lilligren,Michael Tupper,Andy Exley
1038,Robert Lilligren,Michael Tupper,Andy Exley
1039,Robert Lilligren,Michael Tupper,Andy Exley
1040,Robert Lilligren,Michael Tupper,Andy Exley
1041,Robert Lilligren,Michael Tupper,Andy Exley
1042,Robert Lilligren,Michael Tupper,Andy Exley
1043,Robert Lilligren,Michael Tupper,Andy Exley
1044,Robert Lilligren,Michael Tupper,Andy Exley
1045,Robert Lilligren,Michael Tupper,Andy Exley
1046,Robert Lilligren,Michael Tupper,Andy Exley
1047,Robert Lilligren,Michael Tupper,Andy Exley
1048,Robert Lilligren,Michael Tupper,Laura Jean
1049,Robert Lilligren,Michael Tupper,Laura Jean
1050,Robert Lilligren,Michael Tupper,Laura Jean
1051,Robert Lilligren,Michael Tupper,Laura Jean
1052,Robert Lilligren,Michael Tupper,Laura Jean
1053,Robert Lilligren,Michael Tupper,Laura Jean
1054,Robert Lilligren,Michael Tupper,Laura Jean
1055,Robert Lilligren,Michael Tupper,Laura Jean
1056,Robert Lilligren,Michael Tupper,Laura Jean
1057,Robert Lilligren,Michael Tupper,Laura Jean
1058,Robert Lilligren,Michael Tupper,Laura Jean
1059,Robert Lilligren,Michael Tupper,Laura Jean
1060,Robert Lilligren,Michael Tupper,Laura Jean
1061,Robert Lilligren,Michael Tupper,Laura Jean
1062,Robert Lilligren,Michael Tupper,Laura Jean
1063,Robert Lilligren,Michael Tupper,Laura Jean
1064,Robert Lilligren,Michael Tupper,Laura Jean
1065,Robert Lilligren,Michael Tupper,Laura Jean
1066,Robert Lilligren,Michael Tupper,Laura Jean
1067,Robert Lilligren,Michael Tupper,Laura Jean
1068,Robert Lilligren,Michael Tupper,Laura Jean
1069,Robert Lilligren,Michael Tupper,Laura Jean
1070,Robert Lilligren,Michael Tupper,Laura Jean
1071,Robert Lilligren,Michael Tupper,Laura Jean
1072,Robert Lilligren,Michael Tupper,Laura Jean
1073,Robert Lilligren,Michael Tupper,Laura Jean
1074,Robert Lilligren,Michael Tupper,Laura Jean
1075,Robert Lilligren,Michael Tupper,Laura Jean
1076,Robert Lilligren,Michael Tupper,Laura Jean
1077,Robert Lilligren,Michael Tupper,Laura Jean
1078,Robert Lilligren,Michael Tupper,Laura Jean
1079,Robert Lilligren,Michael Tupper,Laura Jean
1080,Robert Lilligren,Michael Tupper,Laura Jean
1081,Robert Lilligren,Michael Tupper,Laura Jean
1082,Robert Lilligren,Michael Tupper,Laura Jean
1083,Robert Lilligren,Michael Tupper,Laura Jean
1084,Robert Lilligren,Michael Tupper,Laura Jean
1085,Robert Lilligren,Michael Tupper,Laura Jean
1086,Robert Lilligren,Michael Tupper,Laura Jean
1087,Robert Lilligren,Michael Tupper,Laura Jean
1088,Robert Lilligren,Michael Tupper,Laura Jean
1089,Robert Lilligren,Michael Tupper,Laura Jean
1090,Robert Lilligren,Michael Tupper,Laura Jean
1091,Robert Lilligren,Michael Tupper,Laura Jean
1092,Robert Lilligren,Michael Tupper,Laura Jean
1093,Robert Lilligren,Michael Tupper,Bruce Lundeen
1094,Robert Lilligren,Michael Tupper,Bruce Lundeen
1095,Robert Lilligren,Michael Tupper,Bruce Lundeen
1096,Robert Lilligren,Michael Tupper,Bruce Lundeen
1097,Robert Lilligren,Michael Tupper,Bruce Lundeen
1098,Robert Lilligren,Michael Tupper,Bruce Lundeen
1099,Robert Lilligren,Michael Tupper,Bruce Lundeen
1100,Robert Lilligren,Michael Tupper,Bruce Lundeen
1101,Robert Lilligren,Michael Tupper,Bruce Lundeen
1102,Robert Lilligren,Michael Tupper,Bruce Lundeen
1103,Robert Lilligren,Michael Tupper,Bruce Lundeen
1104,Robert Lilligren,Michael Tupper,Bruce Lundeen
1105,Robert Lilligren,Michael Tupper,Bruce Lundeen
1106,Robert Lilligren,Michael Tupper,Bruce Lundeen
1107,Robert Lilligren,Michael Tupper,Bruce Lundeen
1108,Robert Lilligren,Michael Tupper,Bruce Lundeen
1109,Robert Lilligren,Michael Tupper,skipped
1110,Robert Lilligren,Michael Tupper,skipped
1111,Robert Lilligren,Michael Tupper,skipped
1112,Robert Lilligren,Michael Tupper,skipped
1113,Robert Lilligren,Michael Tupper,skipped
1114,Robert Lilligren,Michael Tupper,skipped
1115,Robert Lilligren,Michael Tupper,skipped
1116,Robert Lilligren,Michael Tupper,skipped
1117,Robert Lilligren,Michael Tupper,skipped
1118,Robert Lilligren,Michael Tupper,skipped
1119,Robert Lilligren,Michael Tupper,skipped
1120,Robert Lilligren,Michael Tupper,skipped
1121,Robert Lilligren,Michael Tupper,skipped
1122,Robert Lilligren,Michael Tupper,skipped
1123,Robert Lilligren,Michael Tupper,skipped
1124,Robert Lilligren,Michael Tupper,skipped
1125,Robert Lilligren,Michael Tupper,skipped
1126,Robert Lilligren,Michael Tupper,skipped
1127,Robert Lilligren,Michael Tupper,skipped
1128,Robert Lilligren,Michael Tupper,skipped
1129,Robert Lilligren,Michael Tupper,skipped
1130,Robert Lilligren,Michael Tupper,skipped
1131,Robert Lilligren,Michael Tupper,skipped
1132,Robert Lilligren,Michael Tupper,skipped
1133,Robert Lilligren,Michael Tupper,skipped
1134,Robert Lilligren,Michael Tupper,skipped
1135,Robert Lilligren,Michael Tupper,skipped
1136,Robert Lilligren,Michael Tupper,skipped
1137,Robert Lilligren,Michael Tupper,skipped
1138,Robert Lilligren,Michael Tupper,skipped
1139,Robert Lilligren,Michael Tupper,skipped
1140,Robert Lilligren,Michael Tupper,skipped
1141,Robert Lilligren,Michael Tupper,skipped
1142,Robert Lilligren,Michael Tupper,skipped
1143,Robert Lilligren,Michael Tupper,skipped
1144,Robert Lilligren,Michael Tupper,skipped
1145,Robert Lilligren,Michael Tupper,skipped
1146,Robert Lilligren,Michael Tupper,skipped
1147,Robert Lilligren,Michael Tupper,skipped
1148,Robert Lilligren,Michael Tupper,skipped
1149,Robert Lilligren,Michael Tupper,skipped
1150,Robert Lilligren,Michael Tupper,skipped
1151,Robert Lilligren,Michael Tupper,skipped
1152,Robert Lilligren,Michael Tupper,skipped
1153,Robert Lilligren,skipped,skipped
1154,Robert Lilligren,skipped,skipped
1155,Robert Lilligren,skipped,skipped
1156,Robert Lilligren,skipped,skipped
1157,Robert Lilligren,skipped,skipped
1158,Robert Lilligren,skipped,skipped
1159,Robert Lilligren,skipped,skipped
1160,Robert Lilligren,skipped,skipped
1161,Robert Lilligren,skipped,skipped
1162,Robert Lilligren,skipped,skipped
1163,Robert Lilligren,skipped,skipped
1164,Robert Lilligren,skipped,skipped
1165,Robert Lilligren,skipped,skipped
1166,Robert Lilligren,skipped,skipped
1167,Robert Lilligren,skipped,skipped
1168,Robert Lilligren,skipped,skipped
1169,Robert Lilligren,skipped,skipped
1170,Robert Lilligren,skipped,skipped
1171,Robert Lilligren,skipped,skipped
1172,Robert Lilligren,skipped,skipped
1173,Robert Lilligren,skipped,skipped
1174,Robert Lilligren,skipped,skipped
1175,Robert Lilligren,skipped,skipped
1176,Robert Lilligren,skipped,skipped
1177,Robert Lilligren,skipped,skipped
1178,Robert Lilligren,skipped,skipped
1179,Robert Lilligren,skipped,skipped
1180,Robert Lilligren,skipped,skipped
1181,Robert Lilligren,skipped,skipped
1182,Robert Lilligren,skipped,skipped
1183,Robert Lilligren,skipped,skipped
1184,Robert Lilligren,skipped,skipped
1185,Robert Lilligren,skipped,skipped
1186,Robert Lilligren,skipped,skipped
1187,Robert Lilligren,skipped,skipped
1188,Robert Lilligren,skipped,skipped
1189,Robert Lilligren,skipped,skipped
1190,Robert Lilligren,skipped,skipped
1191,Robert Lilligren,skipped,skipped
1192,Robert Lilligren,skipped,skipped
1193,Robert Lilligren,skipped,skipped
1194,Robert Lilligren,skipped,skipped
1195,Robert Lilligren,skipped,skipped
1196,Robert Lilligren,skipped,skipped
1197,Robert Lilligren,skipped,skipped
1198,Robert Lilligren,skipped,skipped
1199,Robert Lilligren,skipped,skipped
1200,Robert Lilligren,skipped,skipped
1201,Robert Lilligren,skipped,skipped
1202,Robert Lilligren,skipped,skipped
1203,Robert Lilligren,skipped,skipped
1204,Robert Lilligren,skipped,skipped
1205,Robert Lilligren,skipped,skipped
1206,Robert Lilligren,skipped,skipped
1207,Robert Lilligren,skipped,skipped
1208,Robert Lilligren,skipped,skipped
1209,Robert Lilligren,skipped,skipped
1210,Robert Lilligren,skipped,skipped
1211,Robert Lilligren,skipped,skipped
1212,Robert Lilligren,skipped,skipped
1213,Robert Lilligren,skipped,skipped
1214,Robert Lilligren,skipped,skipped
1215,Robert Lilligren,skipped,skipped
1216,Robert Lilligren,skipped,skipped
1217,Robert Lilligren,skipped,skipped
1218,Robert Lilligren,skipped,skipped
1219,Robert Lilligren,skipped,skipped
1220,Robert Lilligren,skipped,skipped
1221,Robert Lilligren,skipped,skipped
1222,Robert Lilligren,skipped,skipped
1223,Robert Lilligren,skipped,skipped
1224,Robert Lilligren,skipped,skipped
1225,Robert Lilligren,skipped,skipped
1226,Robert Lilligren,skipped,skipped
1227,Robert Lilligren,skipped,skipped
1228,Robert Lilligren,skipped,skipped
1229,Robert Lilligren,skipped,skipped
1230,Robert Lilligren,skipped,skipped
1231,Robert Lilligren,skipped,skipped
1232,Robert Lilligren,skipped,skipped
1233,Robert Lilligren,skipped,skipped
1234,Robert Lilligren,skipped,skipped
1235,Robert Lilligren,skipped,skipped
1236,Robert Lilligren,skipped,skipped
1237,Robert Lilligren,skipped,skipped
1238,Robert Lilligren,skipped,skipped
1239,Robert Lilligren,skipped,skipped
1240,Robert Lilligren,skipped,skipped
1241,Robert Lilligren,skipped,skipped
1242,Robert Lilligren,skipped,skipped
1243,Robert Lilligren,skipped,skipped
1244,Robert Lilligren,skipped,skipped
1245,Robert Lilligren,skipped,skipped
1246,Robert Lilligren,skipped,skipped
1247,Robert Lilligren,skipped,skipped
1248,Robert Lilligren,skipped,skipped
1249,Robert Lilligren,skipped,skipped
1250,Robert Lilligren,skipped,skipped
1251,Robert Lilligren,skipped,skipped
1252,Robert Lilligren,skipped,skipped
1253,Robert Lilligren,skipped,skipped
1254,Robert Lilligren,skipped,skipped
1255,Robert Lilligren,skipped,skipped
1256,Robert Lilligren,skipped,skipped
1257,Robert Lilligren,skipped,skipped
1258,Robert Lilligren,skipped,skipped
1259,Robert Lilligren,skipped,skipped
1260,Robert Lilligren,skipped,skipped
1261,Robert Lilligren,skipped,skipped
1262,Robert Lilligren,skipped,skipped
1263,Robert Lilligren,skipped,skipped
1264,Robert Lilligren,skipped,skipped
1265,Robert Lilligren,skipped,skipped
1266,Robert Lilligren,skipped,skipped
1267,Robert Lilligren,skipped,skipped
1268,Robert Lilligren,skipped,skipped
1269,Robert Lilligren,skipped,skipped
1270,Robert Lilligren,skipped,skipped
1271,Robert Lilligren,skipped,skipped
1272,Robert Lilligren,skipped,skipped
1273,Robert Lilligren,skipped,skipped
1274,Robert Lilligren,skipped,skipped
1275,Robert Lilligren,skipped,skipped
1276,Robert Lilligren,skipped,skipped
1277,Robert Lilligren,skipped,skipped
1278,Robert Lilligren,skipped,skipped
1279,Robert Lilligren,skipped,skipped
1280,Robert Lilligren,skipped,skipped
1281,Robert Lilligren,skipped,skipped
1282,Robert Lilligren,skipped,skipped
1283,Robert Lilligren,skipped,skipped
1284,Robert Lilligren,skipped,skipped
1285,Robert Lilligren,skipped,skipped
1286,Robert Lilligren,skipped,skipped
1287,Robert Lilligren,skipped,skipped
1288,Robert Lilligren,skipped,skipped
1289,Robert Lilligren,skipped,skipped
1290,Robert Lilligren,skipped,skipped
1291,Robert Lilligren,skipped,skipped
1292,Robert Lilligren,skipped,skipped
1293,Robert Lilligren,skipped,skipped
1294,Robert Lilligren,skipped,skipped
1295,Robert Lilligren,skipped,skipped
1296,Robert Lilligren,skipped,skipped
1297,Robert Lilligren,skipped,skipped
1298,Robert Lilligren,skipped,skipped
1299,Robert Lilligren,skipped,skipped
1300,Robert Lilligren,skipped,skipped
1301,Robert Lilligren,skipped,skipped
1302,Robert Lilligren,skipped,skipped
1303,Robert Lilligren,skipped,skipped
1304,Robert Lilligren,skipped,skipped
1305,Robert Lilligren,skipped,skipped
1306,Robert Lilligren,skipped,skipped
1307,Robert Lilligren,skipped,skipped
1308,Robert Lilligren,skipped,skipped
1309,Robert Lilligren,skipped,skipped
1310,Robert Lilligren,skipped,skipped
1311,Robert Lilligren,skipped,skipped
1312,Robert Lilligren,skipped,skipped
1313,Robert Lilligren,skipped,skipped
1314,Robert Lilligren,skipped,skipped
1315,Robert Lilligren,skipped,skipped
1316,Robert Lilligren,skipped,skipped
1317,Robert Lilligren,skipped,skipped
1318,Robert Lilligren,skipped,skipped
1319,Robert Lilligren,skipped,skipped
1320,Robert Lilligren,skipped,skipped
1321,Robert Lilligren,skipped,skipped
1322,Robert Lilligren,skipped,skipped
1323,Robert Lilligren,skipped,skipped
1324,Robert Lilligren,skipped,skipped
1325,Robert Lilligren,skipped,skipped
1326,Robert Lilligren,skipped,skipped
1327,Robert Lilligren,skipped,skipped
1328,Robert Lilligren,skipped,skipped
1329,Robert Lilligren,skipped,skipped
1330,Robert Lilligren,skipped,skipped
1331,Robert Lilligren,skipped,skipped
1332,Robert Lilligren,skipped,skipped
1333,Robert Lilligren,skipped,skipped
1334,Robert Lilligren,skipped,skipped
1335,Robert Lilligren,skipped,skipped
1336,Robert Lilligren,skipped,skipped
1337,Robert Lilligren,skipped,skipped
1338,Robert Lilligren,skipped,skipped
1339,Robert Lilligren,skipped,skipped
1340,Robert Lilligren,skipped,skipped
1341,Robert Lilligren,skipped,skipped
1342,Robert Lilligren,skipped,skipped
1343,Robert Lilligren,skipped,skipped
1344,Robert Lilligren,skipped,skipped
1345,Robert Lilligren,skipped,skipped
1346,Robert Lilligren,skipped,skipped
1347,Robert Lilligren,skipped,skipped
1348,Robert Lilligren,skipped,skipped
1349,Robert Lilligren,skipped,skipped
1350,Robert Lilligren,skipped,skipped
1351,Robert Lilligren,skipped,skipped
1352,Robert Lilligren,skipped,skipped
1353,Robert Lilligren,skipped,skipped
1354,Robert Lilligren,skipped,skipped
1355,Robert Lilligren,skipped,skipped
1356,Robert Lilligren,skipped,skipped
1357,Robert Lilligren,skipped,skipped
1358,Robert Lilligren,skipped,skipped
1359,Robert Lilligren,skipped,skipped
1360,Robert Lilligren,skipped,skipped
1361,Robert Lilligren,skipped,skipped
1362,Robert Lilligren,skipped,skipped
1363,Robert Lilligren,skipped,skipped
1364,Robert Lilligren,skipped,skipped
1365,Robert Lilligren,skipped,skipped
1366,Robert Lilligren,skipped,skipped
1367,Robert Lilligren,skipped,skipped
1368,Robert Lilligren,skipped,skipped
1369,Robert Lilligren,skipped,skipped
1370,Robert Lilligren,skipped,skipped
1371,Robert Lilligren,skipped,skipped
1372,Robert Lilligren,skipped,skipped
1373,Robert Lilligren,skipped,skipped
1374,Robert Lilligren,skipped,skipped
1375,Robert Lilligren,skipped,skipped
1376,Robert Lilligren,skipped,skipped
1377,Robert Lilligren,skipped,skipped
1378,Robert Lilligren,skipped,skipped
1379,Robert Lilligren,skipped,skipped
1380,Robert Lilligren,skipped,skipped
1381,Robert Lilligren,skipped,skipped
1382,Robert Lilligren,skipped,skipped
1383,Robert Lilligren,skipped,skipped
1384,Robert Lilligren,skipped,skipped
1385,Robert Lilligren,skipped,skipped
1386,Robert Lilligren,skipped,skipped
1387,Robert Lilligren,skipped,skipped
1388,Robert Lilligren,skipped,skipped
1389,Robert Lilligren,skipped,skipped
1390,Robert Lilligren,skipped,skipped
1391,Robert Lilligren,skipped,skipped
1392,Robert Lilligren,skipped,skipped
1393,Robert Lilligren,skipped,skipped
1394,Robert Lilligren,skipped,skipped
1395,Robert Lilligren,skipped,skipped
1396,Robert Lilligren,skipped,skipped
1397,Robert Lilligren,skipped,skipped
1398,Robert Lilligren,skipped,skipped
1399,Robert Lilligren,skipped,skipped
1400,Robert Lilligren,skipped,skipped
1401,Robert Lilligren,skipped,skipped
1402,Robert Lilligren,skipped,skipped
1403,Robert Lilligren,skipped,skipped
1404,Robert Lilligren,skipped,skipped
1405,Robert Lilligren,skipped,skipped
1406,Robert Lilligren,skipped,skipped
1407,Robert Lilligren,skipped,skipped
1408,Robert Lilligren,skipped,skipped
1409,Robert Lilligren,skipped,skipped
1410,Robert Lilligren,skipped,skipped
1411,Robert Lilligren,skipped,skipped
1412,Robert Lilligren,skipped,skipped
1413,Robert Lilligren,skipped,skipped
1414,Robert Lilligren,skipped,skipped
1415,Robert Lilligren,skipped,skipped
1416,Robert Lilligren,skipped,skipped
1417,Robert Lilligren,skipped,skipped
1418,Robert Lilligren,skipped,skipped
1419,Robert Lilligren,skipped,skipped
1420,Robert Lilligren,skipped,skipped
1421,Robert Lilligren,skipped,skipped
1422,Robert Lilligren,skipped,skipped
1423,Robert Lilligren,skipped,skipped
1424,Robert Lilligren,skipped,skipped
1425,Robert Lilligren,skipped,skipped
1426,Robert Lilligren,skipped,skipped
1427,Robert Lilligren,skipped,skipped
1428,Robert Lilligren,skipped,skipped
1429,Robert Lilligren,skipped,skipped
1430,Robert Lilligren,skipped,skipped
1431,Robert Lilligren,skipped,skipped
1432,Robert Lilligren,skipped,skipped
1433,Robert Lilligren,skipped,skipped
1434,Robert Lilligren,skipped,skipped
1435,Robert Lilligren,skipped,skipped
1436,Robert Lilligren,skipped,skipped
1437,Robert Lilligren,skipped,skipped
1438,Robert Lilligren,skipped,skipped
1439,Robert Lilligren,skipped,skipped
1440,Robert Lilligren,skipped,skipped
1441,Robert Lilligren,skipped,skipped
1442,Robert Lilligren,skipped,skipped
1443,Robert Lilligren,skipped,skipped
1444,Robert Lilligren,skipped,skipped
1445,Robert Lilligren,skipped,skipped
1446,Robert Lilligren,skipped,skipped
1447,Robert Lilligren,skipped,skipped
1448,Robert Lilligren,skipped,skipped
1449,Robert Lilligren,skipped,skipped
1450,Robert Lilligren,skipped,skipped
1451,Robert Lilligren,skipped,skipped
1452,Robert Lilligren,skipped,skipped
1453,Robert Lilligren,skipped,skipped
1454,Robert Lilligren,skipped,skipped
1455,Robert Lilligren,skipped,skipped
1456,Robert Lilligren,skipped,skipped
1457,Robert Lilligren,skipped,skipped
1458,Robert Lilligren,skipped,skipped
1459,Robert Lilligren,skipped,skipped
1460,Robert Lilligren,skipped,skipped
1461,Robert Lilligren,skipped,skipped
1462,Robert Lilligren,skipped,skipped
1463,Robert Lilligren,skipped,skipped
1464,Robert Lilligren,skipped,skipped
1465,Robert Lilligren,skipped,skipped
1466,Robert Lilligren,skipped,skipped
1467,Robert Lilligren,skipped,skipped
1468,Robert Lilligren,skipped,skipped
1469,Robert Lilligren,skipped,skipped
1470,Robert Lilligren,skipped,skipped
1471,Robert Lilligren,skipped,skipped
1472,Robert Lilligren,skipped,skipped
1473,Robert Lilligren,skipped,skipped
1474,Robert Lilligren,skipped,skipped
1475,Robert Lilligren,skipped,skipped
1476,Robert Lilligren,skipped,skipped
1477,Robert Lilligren,skipped,skipped
1478,Robert Lilligren,skipped,skipped
1479,Robert Lilligren,skipped,skipped
1480,Robert Lilligren,skipped,skipped
1481,Robert Lilligren,skipped,skipped
1482,Robert Lilligren,skipped,skipped
1483,Robert Lilligren,skipped,skipped
1484,Robert Lilligren,skipped,skipped
1485,Robert Lilligren,skipped,skipped
1486,Robert Lilligren,skipped,skipped
1487,Robert Lilligren,skipped,skipped
1488,Robert Lilligren,skipped,skipped
1489,Robert Lilligren,skipped,skipped
1490,Robert Lilligren,skipped,skipped
1491,Robert Lilligren,skipped,skipped
1492,Robert Lilligren,skipped,skipped
1493,Robert Lilligren,skipped,skipped
1494,Robert Lilligren,skipped,skipped
1495,Robert Lilligren,skipped,skipped
1496,Robert Lilligren,skipped,skipped
1497,Robert Lilligren,skipped,skipped
1498,Robert Lilligren,skipped,skipped
1499,Robert Lilligren,skipped,skipped
1500,Robert Lilligren,skipped,skipped
1501,Robert Lilligren,skipped,skipped
1502,Robert Lilligren,skipped,skipped
1503,Robert Lilligren,skipped,skipped
1504,Robert Lilligren,skipped,skipped
1505,Robert Lilligren,skipped,skipped
1506,Robert Lilligren,skipped,skipped
1507,Robert Lilligren,skipped,skipped
1508,Robert Lilligren,skipped,skipped
1509,Robert Lilligren,skipped,skipped
1510,Robert Lilligren,skipped,skipped
1511,Robert Lilligren,skipped,skipped
1512,Robert Lilligren,skipped,skipped
1513,Robert Lilligren,skipped,skipped
1514,Robert Lilligren,skipped,skipped
1515,Robert Lilligren,skipped,skipped
1516,Robert Lilligren,skipped,skipped
1517,Robert Lilligren,skipped,skipped
1518,Robert Lilligren,skipped,skipped
1519,Robert Lilligren,skipped,skipped
1520,Robert Lilligren,skipped,skipped
1521,Robert Lilligren,skipped,skipped
1522,Robert Lilligren,skipped,skipped
1523,Robert Lilligren,skipped,skipped
1524,Robert Lilligren,skipped,skipped
1525,Robert Lilligren,skipped,skipped
1526,Robert Lilligren,skipped,skipped
1527,Robert Lilligren,skipped,skipped
1528,Robert Lilligren,skipped,skipped
1529,Robert Lilligren,skipped,skipped
1530,Robert Lilligren,skipped,skipped
1531,Robert Lilligren,skipped,skipped
1532,Robert Lilligren,skipped,skipped
1533,Robert Lilligren,skipped,skipped
1534,Robert Lilligren,skipped,skipped
1535,Robert Lilligren,skipped,skipped
1536,Robert Lilligren,skipped,skipped
1537,Robert Lilligren,skipped,skipped
1538,Robert Lilligren,skipped,skipped
1539,Robert Lilligren,skipped,skipped
1540,Robert Lilligren,skipped,skipped
1541,Robert Lilligren,skipped,skipped
1542,Robert Lilligren,skipped,skipped
1543,Robert Lilligren,skipped,skipped
1544,Robert Lilligren,skipped,skipped
1545,Robert Lilligren,skipped,skipped
1546,Robert Lilligren,skipped,skipped
1547,Robert Lilligren,skipped,skipped
1548,Robert Lilligren,skipped,skipped
1549,Robert Lilligren,skipped,skipped
1550,Robert Lilligren,skipped,skipped
1551,Robert Lilligren,skipped,skipped
1552,Robert Lilligren,skipped,skipped
1553,Robert Lilligren,skipped,skipped
1554,Robert Lilligren,skipped,skipped
1555,Robert Lilligren,skipped,skipped
1556,Robert Lilligren,skipped,skipped
1557,Robert Lilligren,skipped,skipped
1558,Robert Lilligren,skipped,skipped
1559,Robert Lilligren,skipped,skipped
1560,Robert Lilligren,skipped,skipped
1561,Robert Lilligren,skipped,skipped
1562,Robert Lilligren,skipped,skipped
1563,Robert Lilligren,skipped,skipped
1564,Robert Lilligren,skipped,skipped
1565,Robert Lilligren,skipped,skipped
1566,Robert Lilligren,skipped,skipped
1567,Robert Lilligren,skipped,skipped
1568,Robert Lilligren,skipped,skipped
1569,Robert Lilligren,skipped,skipped
1570,Robert Lilligren,skipped,skipped
1571,Robert Lilligren,skipped,skipped
1572,Robert Lilligren,skipped,skipped
1573,Robert Lilligren,skipped,skipped
1574,Robert Lilligren,skipped,skipped
1575,Robert Lilligren,skipped,skipped
1576,Robert Lilligren,skipped,skipped
1577,Robert Lilligren,skipped,skipped
1578,Bruce Lundeen,M. Cali,Andy Exley
1579,Bruce Lundeen,M. Cali,Andy Exley
1580,Bruce Lundeen,Andy Exley,M. Cali
1581,Bruce Lundeen,Andy Exley,M. Cali
1582,Bruce Lundeen,Andy Exley,M. Cali
1583,Bruce Lundeen,Andy Exley,M. Cali
1584,Bruce Lundeen,Andy Exley,M. Cali
1585,Bruce Lundeen,Andy Exley,M. Cali
1586,Bruce Lundeen,Andy Exley,M. Cali
1587,Bruce Lundeen,Andy Exley,Laura Jean
1588,Bruce Lundeen,Andy Exley,Robert Lilligren
1589,Bruce Lundeen,Andy Exley,Robert Lilligren
1590,Bruce Lundeen,Andy Exley,Robert Lilligren
1591,Bruce Lundeen,Andy Exley,Robert Lilligren
1592,Bruce Lundeen,Andy Exley,Robert Lilligren
1593,Bruce Lundeen,Andy Exley,Robert Lilligren
1594,Bruce Lundeen,Andy Exley,Robert Lilligren
1595,Bruce Lundeen,Andy Exley,Robert Lilligren
1596,Bruce Lundeen,Andy Exley,Robert Lilligren
1597,Bruce Lundeen,Andy Exley,Michael Tupper
1598,Bruce Lundeen,Andy Exley,Michael Tupper
1599,Bruce Lundeen,Andy Exley,skipped
1600,Bruce Lundeen,Andy Exley,skipped
1601,Bruce Lundeen,Laura Jean,Andy Exley
1602,Bruce Lundeen,Laura Jean,Robert Lilligren
1603,Bruce Lundeen,Laura Jean,Robert Lilligren
1604,Bruce Lundeen,Laura Jean,Robert Lilligren
1605,Bruce Lundeen,Laura Jean,skipped
1606,Bruce Lundeen,Robert Lilligren,Laura Jean
1607,Bruce Lundeen,Robert Lilligren,Michael Tupper
1608,Bruce Lundeen,Robert Lilligren,skipped
1609,Bruce Lundeen,Robert Lilligren,skipped
1610,Bruce Lundeen,Robert Lilligren,skipped
1611,Bruce Lundeen,Robert Lilligren,skipped
1612,Bruce Lundeen,Robert Lilligren,skipped
1613,Bruce Lundeen,Robert Lilligren,skipped
1614,Bruce Lundeen,Robert Lilligren,skipped
1615,Bruce Lundeen,Robert Lilligren,skipped
1616,Bruce Lundeen,Robert Lilligren,skipped
1617,Bruce Lundeen,Robert Lilligren,skipped
1618,Bruce Lundeen,Michael Tupper,M. Cali
1619,Bruce Lundeen,Michael Tupper,M. Cali
1620,Bruce Lundeen,Michael Tupper,M. Cali
1621,Bruce Lundeen,Michael Tupper,Andy Exley
1622,Bruce Lundeen,Michael Tupper,Andy Exley
1623,Bruce Lundeen,Michael Tupper,Andy Exley
1624,Bruce Lundeen,Michael Tupper,Andy Exley
1625,Bruce Lundeen,Michael Tupper,Laura Jean
1626,Bruce Lundeen,Michael Tupper,Laura Jean
1627,Bruce Lundeen,Michael Tupper,Laura Jean
1628,Bruce Lundeen,Michael Tupper,writein
1629,Bruce Lundeen,skipped,skipped
1630,Bruce Lundeen,skipped,skipped
1631,Bruce Lundeen,skipped,skipped
1632,Bruce Lundeen,skipped,skipped
1633,Bruce Lundeen,skipped,skipped
1634,Bruce Lundeen,skipped,skipped
1635,Bruce Lundeen,skipped,skipped
1636,Bruce Lundeen,skipped,skipped
1637,Bruce Lundeen,skipped,skipped
1638,writein,Michael Tupper,Robert Lilligren
1639,Michael Tupper,M. Cali,Andy Exley
1640,Michael Tupper,M. Cali,Andy Exley
1641,Michael Tupper,M. Cali,Andy Exley
1642,Michael Tupper,M. Cali,Andy Exley
1643,Michael Tupper,M. Cali,Andy Exley
1644,Michael Tupper,M. Cali,writein
1645,Michael Tupper,M. Cali,Laura Jean
1646,Michael Tupper,M. Cali,Laura Jean
1647,Michael Tupper,M. Cali,Robert Lilligren
1648,Michael Tupper,M. Cali,Bruce Lundeen
1649,Michael Tupper,M. Cali,Bruce Lundeen
1650,Michael Tupper,M. Cali,Bruce Lundeen
1651,Michael Tupper,M. Cali,Bruce Lundeen
1652,Michael Tupper,M. Cali,Bruce Lundeen
1653,Michael Tupper,M. Cali,skipped
1654,Michael Tupper,M. Cali,skipped
1655,Michael Tupper,M. Cali,skipped
1656,Michael Tupper,writein,writein
1657,Michael Tupper,writein,writein
1658,Michael Tupper,Andy Exley,M. Cali
1659,Michael Tupper,Andy Exley,M. Cali
1660,Michael Tupper,Andy Exley,M. Cali
1661,Michael Tupper,Andy Exley,M. Cali
1662,Michael Tupper,Andy Exley,M. Cali
1663,Michael Tupper,Andy Exley,M. Cali
1664,Michael Tupper,Andy Exley,M. Cali
1665,Michael Tupper,Andy Exley,M. Cali
1666,Michael Tupper,Andy Exley,M. Cali
1667,Michael Tupper,Andy Exley,M. Cali
1668,Michael Tupper,Andy Exley,M. Cali
1669,Michael Tupper,Andy Exley,M. Cali
1670,Michael Tupper,Andy Exley,M. Cali
1671,Michael Tupper,Andy Exley,M. Cali
1672,Michael Tupper,Andy Exley,M. Cali
1673,Michael Tupper,Andy Exley,M. Cali
1674,Michael Tupper,Andy Exley,M. Cali
1675,Michael Tupper,Andy Exley,M. Cali
1676,Michael Tupper,Andy Exley,Laura Jean
1677,Michael Tupper,Andy Exley,Laura Jean
1678,Michael Tupper,Andy Exley,Laura Jean
1679,Michael Tupper,Andy Exley,Laura Jean
1680,Michael Tupper,Andy Exley,Laura Jean
1681,Michael Tupper,Andy Exley,Laura Jean
1682,Michael Tupper,Andy Exley,Laura Jean
1683,Michael Tupper,Andy Exley,Laura Jean
1684,Michael Tupper,Andy Exley,Laura Jean
1685,Michael Tupper,Andy Exley,Laura Jean
1686,Michael Tupper,Andy Exley,Laura Jean
1687,Michael Tupper,Andy Exley,Laura Jean
1688,Michael Tupper,Andy Exley,Robert Lilligren
1689,Michael Tupper,Andy Exley,Robert Lilligren
1690,Michael Tupper,Andy Exley,Robert Lilligren
1691,Michael Tupper,Andy Exley,Robert Lilligren
1692,Michael Tupper,Andy Exley,Robert Lilligren
1693,Michael Tupper,Andy Exley,Robert Lilligren
1694,Michael Tupper,Andy Exley,Robert Lilligren
1695,Michael Tupper,Andy Exley,Robert Lilligren
1696,Michael Tupper,Andy Exley,Bruce Lundeen
1697,Michael Tupper,Andy Exley,Bruce Lundeen
1698,Michael Tupper,Andy Exley,Bruce Lundeen
1699,Michael Tupper,Andy Exley,Bruce Lundeen
1700,Michael Tupper,Andy Exley,Bruce Lundeen
1701,Michael Tupper,Andy Exley,Bruce Lundeen
1702,Michael Tupper,Andy Exley,Bruce Lundeen
1703,Michael Tupper,Andy Exley,Bruce Lundeen
1704,Michael Tupper,Andy Exley,Bruce Lundeen
1705,Michael Tupper,Andy Exley,skipped
1706,Michael Tupper,Andy Exley,skipped
1707,Michael Tupper,Andy Exley,skipped
1708,Michael Tupper,Andy Exley,skipped
1709,Michael Tupper,Andy Exley,skipped
1710,Michael Tupper,Laura Jean,writein
1711,Michael Tupper,Laura Jean,M. Cali
1712,Michael Tupper,Laura Jean,M. Cali
1713,Michael Tupper,Laura Jean,M. Cali
1714,Michael Tupper,Laura Jean,Andy Exley
1715,Michael Tupper,Laura Jean,Andy Exley
1716,Michael Tupper,Laura Jean,Andy Exley
1717,Michael Tupper,Laura Jean,Andy Exley
1718,Michael Tupper,Laura Jean,Andy Exley
1719,Michael Tupper,Laura Jean,Andy Exley
1720,Michael Tupper,Laura Jean,Andy Exley
1721,Michael Tupper,Laura Jean,Andy Exley
1722,Michael Tupper,Laura Jean,Andy Exley
1723,Michael Tupper,Laura Jean,Andy Exley
1724,Michael Tupper,Laura Jean,Andy Exley
1725,Michael Tupper,Laura Jean,Andy Exley
1726,Michael Tupper,Laura Jean,writein
1727,Michael Tupper,Laura Jean,Robert Lilligren
1728,Michael Tupper,Laura Jean,Robert Lilligren
1729,Michael Tupper,Laura Jean,Robert Lilligren
1730,Michael Tupper,Laura Jean,Robert Lilligren
1731,Michael Tupper,Laura Jean,Robert Lilligren
1732,Michael Tupper,Laura Jean,Robert Lilligren
1733,Michael Tupper,Laura Jean,Robert Lilligren
1734,Michael Tupper,Laura Jean,Robert Lilligren
1735,Michael Tupper,Laura Jean,Robert Lilligren
1736,Michael Tupper,Laura Jean,Robert Lilligren
1737,Michael Tupper,Laura Jean,Bruce Lundeen
1738,Michael Tupper,Laura Jean,Bruce Lundeen
1739,Michael Tupper,Laura Jean,Bruce Lundeen
1740,Michael Tupper,Laura Jean,Bruce Lundeen
1741,Michael Tupper,Laura Jean,Bruce Lundeen
1742,Michael Tupper,Laura Jean,Bruce Lundeen
1743,Michael Tupper,Laura Jean,Bruce Lundeen
1744,Michael Tupper,Laura Jean,skipped
1745,Michael Tupper,Laura Jean,skipped
1746,Michael Tupper,Laura Jean,skipped
1747,Michael Tupper,Laura Jean,skipped
1748,Michael Tupper,Laura Jean,skipped
1749,Michael Tupper,Laura Jean,skipped
1750,Michael Tupper,Laura Jean,skipped
1751,Michael Tupper,Laura Jean,skipped
1752,Michael Tupper,writein,skipped
1753,Michael Tupper,writein,skipped
1754,Michael Tupper,Robert Lilligren,M. Cali
1755,Michael Tupper,Robert Lilligren,M. Cali
1756,Michael Tupper,Robert Lilligren,M. Cali
1757,Michael Tupper,Robert Lilligren,M. Cali
1758,Michael Tupper,Robert Lilligren,M. Cali
1759,Michael Tupper,Robert Lilligren,Andy Exley
1760,Michael Tupper,Robert Lilligren,Andy Exley
1761,Michael Tupper,Robert Lilligren,Andy Exley
1762,Michael Tupper,Robert Lilligren,Andy Exley
1763,Michael Tupper,Robert Lilligren,Andy Exley
1764,Michael Tupper,Robert Lilligren,Andy Exley
1765,Michael Tupper,Robert Lilligren,Laura Jean
1766,Michael Tupper,Robert Lilligren,Laura Jean
1767,Michael Tupper,Robert Lilligren,Laura Jean
1768,Michael Tupper,Robert Lilligren,Laura Jean
1769,Michael Tupper,Robert Lilligren,Laura Jean
1770,Michael Tupper,Robert Lilligren,Laura Jean
1771,Michael Tupper,Robert Lilligren,Laura Jean
1772,Michael Tupper,Robert Lilligren,Laura Jean
1773,Michael Tupper,Robert Lilligren,Laura Jean
1774,Michael Tupper,Robert Lilligren,Laura Jean
1775,Michael Tupper,Robert Lilligren,Laura Jean
1776,Michael Tupper,Robert Lilligren,Laura Jean
1777,Michael Tupper,Robert Lilligren,Laura Jean
1778,Michael Tupper,Robert Lilligren,Laura Jean
1779,Michael Tupper,Robert Lilligren,Laura Jean
1780,Michael Tupper,Robert Lilligren,Laura Jean
1781,Michael Tupper,Robert Lilligren,Laura Jean
1782,Michael Tupper,Robert Lilligren,Laura Jean
1783,Michael Tupper,Robert Lilligren,Laura Jean
1784,Michael Tupper,Robert Lilligren,Laura Jean
1785,Michael Tupper,Robert Lilligren,Laura Jean
1786,Michael Tupper,Robert Lilligren,Laura Jean
1787,Michael Tupper,Robert Lilligren,Laura Jean
1788,Michael Tupper,Robert Lilligren,Bruce Lundeen
1789,Michael Tupper,Robert Lilligren,Bruce Lundeen
1790,Michael Tupper,Robert Lilligren,Bruce Lundeen
1791,Michael Tupper,Robert Lilligren,Bruce Lundeen
1792,Michael Tupper,Robert Lilligren,Bruce Lundeen
1793,Michael Tupper,Robert Lilligren,Bruce Lundeen
1794,Michael Tupper,Robert Lilligren,Bruce Lundeen
1795,Michael Tupper,Robert Lilligren,Bruce Lundeen
1796,Michael Tupper,Robert Lilligren,Bruce Lundeen
1797,Michael Tupper,Robert Lilligren,skipped
1798,Michael Tupper,Robert Lilligren,skipped
1799,Michael Tupper,Robert Lilligren,skipped
1800,Michael Tupper,Robert Lilligren,skipped
1801,Michael Tupper,Robert Lilligren,skipped
1802,Michael Tupper,Robert Lilligren,skipped
1803,Michael Tupper,Robert Lilligren,skipped
1804,Michael Tupper,Robert Lilligren,skipped
1805,Michael Tupper,Robert Lilligren,skipped
1806,Michael Tupper,Robert Lilligren,skipped
1807,Michael Tupper,Robert Lilligren,skipped
1808,Michael Tupper,Robert Lilligren,skipped
1809,Michael Tupper,Robert Lilligren,skipped
1810,Michael Tupper,Robert Lilligren,skipped
1811,Michael Tupper,Robert Lilligren,skipped
1812,Michael Tupper,Robert Lilligren,skipped
1813,Michael Tupper,Robert Lilligren,skipped
1814,Michael Tupper,Robert Lilligren,skipped
1815,Michael Tupper,Robert Lilligren,skipped
1816,Michael Tupper,Bruce Lundeen,M. Cali
1817,Michael Tupper,Bruce Lundeen,M. Cali
1818,Michael Tupper,Bruce Lundeen,M. Cali
1819,Michael Tupper,Bruce Lundeen,M. Cali
1820,Michael Tupper,Bruce Lundeen,M. Cali
1821,Michael Tupper,Bruce Lundeen,Andy Exley
1822,Michael Tupper,Bruce Lundeen,Andy Exley
1823,Michael Tupper,Bruce Lundeen,Andy Exley
1824,Michael Tupper,Bruce Lundeen,Andy Exley
1825,Michael Tupper,Bruce Lundeen,Andy Exley
1826,Michael Tupper,Bruce Lundeen,Andy Exley
1827,Michael Tupper,Bruce Lundeen,Andy Exley
1828,Michael Tupper,Bruce Lundeen,Laura Jean
1829,Michael Tupper,Bruce Lundeen,Laura Jean
1830,Michael Tupper,Bruce Lundeen,Laura Jean
1831,Michael Tupper,Bruce Lundeen,Laura Jean
1832,Michael Tupper,Bruce Lundeen,Laura Jean
1833,Michael Tupper,Bruce Lundeen,Robert Lilligren
1834,Michael Tupper,Bruce Lundeen,Robert Lilligren
1835,Michael Tupper,Bruce Lundeen,Robert Lilligren
1836,Michael Tupper,Bruce Lundeen,Robert Lilligren
1837,Michael Tupper,Bruce Lundeen,writein
1838,Michael Tupper,Bruce Lundeen,writein
1839,Michael Tupper,Bruce Lundeen,skipped
1840,Michael Tupper,Bruce Lundeen,skipped
1841,Michael Tupper,Bruce Lundeen,skipped
1842,Michael Tupper,Bruce Lundeen,skipped
1843,Michael Tupper,writein,skipped
1844,Michael Tupper,skipped,skipped
1845,Michael Tupper,skipped,skipped
1846,Michael Tupper,skipped,skipped
1847,Michael Tupper,skipped,skipped
1848,Michael Tupper,skipped,skipped
1849,Michael Tupper,skipped,skipped
1850,Michael Tupper,skipped,skipped
1851,Michael Tupper,skipped,skipped
1852,Michael Tupper,skipped,skipped
1853,Michael Tupper,skipped,skipped
1854,Michael Tupper,skipped,skipped
1855,Michael Tupper,skipped,skipped
1856,Michael Tupper,skipped,skipped
1857,Michael Tupper,skipped,skipped
1858,Michael Tupper,skipped,skipped
1859,Michael Tupper,skipped,skipped
1860,Michael Tupper,skipped,skipped
1861,Michael Tupper,skipped,skipped
1862,Michael Tupper,skipped,skipped
1863,Michael Tupper,skipped,skipped
1864,Michael Tupper,skipped,skipped
1865,Michael Tupper,skipped,skipped
1866,Michael Tupper,skipped,skipped
1867,Michael Tupper,skipped,skipped
1868,Michael Tupper,skipped,skipped
1869,Michael Tupper,skipped,skipped
1870,Michael Tupper,skipped,skipped
1871,Michael Tupper,skipped,skipped
1872,Michael Tupper,skipped,skipped
1873,Michael Tupper,skipped,skipped
1874,Michael Tupper,skipped,skipped
1875,Michael Tupper,skipped,skipped
1876,Michael Tupper,skipped,skipped
1877,Michael Tupper,skipped,skipped
1878,Michael Tupper,skipped,skipped
1879,Michael Tupper,skipped,skipped
1880,Michael Tupper,skipped,skipped
1881,Michael Tupper,skipped,skipped
1882,Michael Tupper,skipped,skipped
1883,Michael Tupper,skipped,skipped
1884,Michael Tupper,skipped,skipped
1885,Michael Tupper,skipped,skipped
1886,Michael Tupper,skipped,skipped
1887,Michael Tupper,skipped,skipped
1888,Michael Tupper,skipped,skipped
1889,Michael Tupper,skipped,skipped
1890,Michael Tupper,skipped,skipped
1891,Michael Tupper,skipped,skipped
1892,Michael Tupper,skipped,skipped
1893,Michael Tupper,skipped,skipped
1894,Michael Tupper,skipped,skipped
1895,Michael Tupper,skipped,skipped
1896,Michael Tupper,skipped,skipped
1897,Michael Tupper,skipped,skipped
1898,Michael Tupper,skipped,skipped
1899,Michael Tupper,skipped,skipped
1900,Michael Tupper,skipped,skipped
1901,Michael Tupper,skipped,skipped
1902,Michael Tupper,skipped,skipped
1903,Michael Tupper,skipped,skipped
1904,Michael Tupper,skipped,skipped
1905,Michael Tupper,skipped,skipped
1906,Michael Tupper,skipped,skipped
1907,Michael Tupper,skipped,skipped
1908,Michael Tupper,skipped,skipped
1909,Michael Tupper,skipped,skipped
1910,Michael Tupper,skipped,skipped
1911,Michael Tupper,skipped,skipped
1912,Michael Tupper,skipped,skipped
1913,Michael Tupper,skipped,skipped
1914,Michael Tupper,skipped,skipped
1915,Michael Tupper,skipped,skipped
1916,Michael Tupper,skipped,skipped
1917,Michael Tupper,skipped,skipped
1918,Michael Tupper,skipped,skipped
1919,Michael Tupper,skipped,skipped
1920,Michael Tupper,skipped,skipped
1921,Michael Tupper,skipped,skipped
1922,Michael Tupper,skipped,skipped
1923,Michael Tupper,skipped,skipped
1924,Michael Tupper,skipped,skipped
1925,Michael Tupper,skipped,skipped
1926,Michael Tupper,skipped,skipped
1927,Michael Tupper,skipped,skipped
1928,Michael Tupper,skipped,skipped
1929,Michael Tupper,skipped,skipped
1930,Michael Tupper,skipped,skipped
1931,skipped,skipped,skipped
1932,skipped,skipped,skipped
1933,skipped,skipped,skipped
1934,skipped,skipped,skipped
1935,skipped,skipped,skipped
1936,skipped,skipped,skipped
1937,skipped,skipped,skipped
1938,skipped,skipped,skipped
1939,skipped,skipped,skipped
1940,skipped,skipped,skipped
1941,skipped,skipped,skipped
1942,skipped,skipped,skipped
1943,skipped,skipped,skipped
1944,skipped,skipped,skipped
1945,skipped,skipped,skipped
1946,skipped,skipped,skipped
1947,skipped,skipped,skipped
1948,skipped,skipped,skipped
1949,skipped,skipped,skipped
1950,skipped,skipped,skipped
1951,skipped,skipped,skipped
1952,skipped,skipped,skipped
1953,skipped,skipped,skipped
1954,skipped,skipped,skipped
1955,skipped,skipped,skipped
1956,skipped,skipped,skipped
1957,skipped,skipped,skipped
1958,skipped,skipped,skipped
1959,skipped,skipped,skipped
1960,skipped,skipped,skipped
1961,skipped,skipped,skipped
1962,skipped,skipped,skipped
1963,skipped,skipped,skipped
1964,skipped,skipped,skipped
1965,skipped,skipped,skipped
1966,skipped,skipped,skipped
1967,skipped,skipped,skipped
1968,skipped,skipped,skipped
1969,skipped,skipped,skipped
1970,skipped,skipped,skipped
1971,skipped,skipped,skipped
1972,skipped,skipped,skipped
1973,skipped,skipped,skipped
1974,skipped,skipped,skipped
1975,skipped,skipped,skipped
1976,skipped,skipped,skipped
1977,skipped,skipped,skipped
1978,skipped,skipped,skipped
1979,skipped,skipped,skipped
1980,skipped,skipped,skipped
1981,skipped,skipped,skipped
1982,skipped,skipped,skipped
