contest,place,state,year,date,office,break_on_overvote,break_on_repeated_skipvotes,multi_winner_rounds,state_code,county,write_ins,master_lookup,chp,candidate_map,parser,idparser,rcv_type,num_winners,path
Cambridge City Council 2001,Cambridge,MA,2001,11/06/2001,City Council,FALSE,FALSE,,,,,,Ballot_Images/Cambridge/2001/Council - Wednesday/*.chp,,prm,,stv_whole_ballot,9,Ballot_Images/Cambridge/2001/Council - Wednesday/*.PRM
Cambridge City Council 2003,Cambridge,MA,2003,11/04/2003,City Council,FALSE,FALSE,,,,,,Ballot_Images/Cambridge/2003/Council/*/*.chp,,prm,,stv_whole_ballot,9,Ballot_Images/Cambridge/2003/Council/*/*.[pPW][rRE][mMD]
Cambridge School Committee 2003,Cambridge,MA,2003,11/04/2003,School Committee,FALSE,FALSE,,,,,,Ballot_Images/Cambridge/2003/School/school.chp,,prm,,stv_whole_ballot,6,Ballot_Images/Cambridge/2003/School/*/*.[pPW][rRE][mMD]
San Francisco District 1 2004,San Francisco,CA,2004,11/05/2004,District 1,TRUE,FALSE,,"""06""","""075""",,,,Ballot_Images/San Francisco/RCVCalc Ballot Images/2004/D01-Cntl.txt,old,,rcv_single_winner,1,Ballot_Images/San Francisco/RCVCalc Ballot Images/2004/D01-Ballots.txt
San Francisco District 11 2004,San Francisco,CA,2004,11/02/2004,District 11,TRUE,FALSE,,"""06""","""075""",,,,Ballot_Images/San Francisco/RCVCalc Ballot Images/2004/D11-Cntl.txt,old,,rcv_single_winner,1,Ballot_Images/San Francisco/RCVCalc Ballot Images/2004/D11-Ballots.txt
San Francisco District 2 2004,San Francisco,CA,2004,11/02/2004,District 2,TRUE,FALSE,,"""06""","""075""",,,,Ballot_Images/San Francisco/RCVCalc Ballot Images/2004/D02-Cntl.txt,old,,rcv_single_winner,1,Ballot_Images/San Francisco/RCVCalc Ballot Images/2004/D02-Ballots.txt
San Francisco District 3 2004,San Francisco,CA,2004,11/02/2004,District 3,TRUE,FALSE,,"""06""","""075""",,,,Ballot_Images/San Francisco/RCVCalc Ballot Images/2004/D03-Cntl.txt,old,,rcv_single_winner,1,Ballot_Images/San Francisco/RCVCalc Ballot Images/2004/D03-Ballots.txt
San Francisco District 5 2004,San Francisco,CA,2004,11/02/2004,District 5,TRUE,FALSE,,"""06""","""075""",,,,Ballot_Images/San Francisco/RCVCalc Ballot Images/2004/D05-Cntl.txt,old,,rcv_single_winner,1,Ballot_Images/San Francisco/RCVCalc Ballot Images/2004/D05-Ballots.txt
San Francisco District 7 2004,San Francisco,CA,2004,11/02/2004,District 7,TRUE,FALSE,,"""06""","""075""",,,,Ballot_Images/San Francisco/RCVCalc Ballot Images/2004/D07-Cntl.txt,old,,rcv_single_winner,1,Ballot_Images/San Francisco/RCVCalc Ballot Images/2004/D07-Ballots.txt
San Francisco District 9 2004,San Francisco,CA,2004,11/02/2004,District 9,TRUE,FALSE,,"""06""","""075""",,,,Ballot_Images/San Francisco/RCVCalc Ballot Images/2004/D09-Cntl.txt,old,,rcv_single_winner,1,Ballot_Images/San Francisco/RCVCalc Ballot Images/2004/D09-Ballots.txt
Cambridge City Council 2005,Cambridge,MA,2005,11/08/2005,City Council,FALSE,FALSE,,,,,,Ballot_Images/Cambridge/2005/Council/*/*.chp,,prm,,stv_whole_ballot,9,Ballot_Images/Cambridge/2005/Council/*/*.[pP][rR][mM]
Cambridge School Committee 2005,Cambridge,MA,2005,11/08/2005,School Committee,FALSE,FALSE,,,,,,Ballot_Images/Cambridge/2005/School/*/*.chp,,prm,,stv_whole_ballot,6,Ballot_Images/Cambridge/2005/School/*/*.[pP][rR][mM]
San Francisco Assessor-Recorder 2005,San Francisco,CA,2005,11/08/2005,Assessor-Recorder,TRUE,FALSE,,"""06""","""075""",,,,Ballot_Images/San Francisco/RCVCalc Ballot Images/2005/AR-Cntl.txt,old,,rcv_single_winner,1,Ballot_Images/San Francisco/RCVCalc Ballot Images/2005/AR-Ballots.txt
San Francisco Treasurer 2005,San Francisco,CA,2005,11/08/2005,Treasurer,TRUE,FALSE,,"""06""","""075""",,,,Ballot_Images/San Francisco/RCVCalc Ballot Images/2005/TR-Cntl.txt,old,,rcv_single_winner,1,Ballot_Images/San Francisco/RCVCalc Ballot Images/2005/TR-Ballots.txt
Burlington Mayor 2006,Burlington,VT,2006,03/07/2006,Mayor,TRUE,FALSE,,,,,,,,burlington,,rcv_single_winner,1,Ballot_Images/Burlington/Burlington Mayor 2006.txt
San Francisco Board of Supervisors District 10 2006,San Francisco,CA,2006,11/07/2006,Board of Supervisors District 10,TRUE,FALSE,,"""06""","""075""",,,,Ballot_Images/San Francisco/RCVCalc Ballot Images/2006/D10-Cntl.txt,old,,rcv_single_winner,1,Ballot_Images/San Francisco/RCVCalc Ballot Images/2006/D10-Ballots.txt
San Francisco Board of Supervisors District 2 2006,San Francisco,CA,2006,11/07/2006,Board of Supervisors District 2,TRUE,FALSE,,"""06""","""075""",,,,Ballot_Images/San Francisco/RCVCalc Ballot Images/2006/D02-Cntl.txt,old,,rcv_single_winner,1,Ballot_Images/San Francisco/RCVCalc Ballot Images/2006/D02-Ballots.txt
San Francisco Board of Supervisors District 4 2006,San Francisco,CA,2006,11/07/2006,Board of Supervisors District 4,TRUE,FALSE,,"""06""","""075""",,,,Ballot_Images/San Francisco/RCVCalc Ballot Images/2006/D04-Cntl.txt,old,,rcv_single_winner,1,Ballot_Images/San Francisco/RCVCalc Ballot Images/2006/D04-Ballots.txt
San Francisco Board of Supervisors District 6 2006,San Francisco,CA,2006,11/07/2006,Board of Supervisors District 6,TRUE,FALSE,,"""06""","""075""",,,,Ballot_Images/San Francisco/RCVCalc Ballot Images/2006/D06-Cntl.txt,old,,rcv_single_winner,1,Ballot_Images/San Francisco/RCVCalc Ballot Images/2006/D06-Ballots.txt
San Francisco Board of Supervisors District 8 2006,San Francisco,CA,2006,11/07/2006,Board of Supervisors District 8,TRUE,FALSE,,"""06""","""075""",,,,Ballot_Images/San Francisco/RCVCalc Ballot Images/2006/D08-Cntl.txt,old,,rcv_single_winner,1,Ballot_Images/San Francisco/RCVCalc Ballot Images/2006/D08-Ballots.txt
Cambridge City Council 2007,Cambridge,MA,2007,11/06/2007,City Council,FALSE,FALSE,,,,,,Ballot_Images/Cambridge/2007/Council/*/*.chp,,prm,,stv_whole_ballot,9,Ballot_Images/Cambridge/2007/Council/*/*.[pP][rR][mM]
Cambridge School Committee 2007,Cambridge,MA,2007,11/06/2007,School Committee,FALSE,FALSE,,,,,,Ballot_Images/Cambridge/2007/School/*/*.chp,,prm,,stv_whole_ballot,6,Ballot_Images/Cambridge/2007/School/*/*.[pP][rR][mM]
San Francisco Mayor 2007,San Francisco,CA,2007,11/06/2007,Mayor,TRUE,FALSE,,"""06""","""075""",,,,Ballot_Images/San Francisco/RCVCalc Ballot Images/2007/MYR-Cntl.txt,old,,rcv_single_winner,1,Ballot_Images/San Francisco/RCVCalc Ballot Images/2007/MYR-Ballots.txt
Pierce County Assessor - Treasurer 2008,Pierce County,WA,2008,11/04/2008,Assessor - Treasurer,TRUE,FALSE,,,,,,,,sfnoid,,rcv_single_winner,1,Ballot_Images/Pierce County/Pierce County Assessor - Treasurer 2008 Ballot Image.txt
"Pierce County Council, District 2 2008",Pierce County,WA,2008,11/04/2008,Council District 2,TRUE,FALSE,,,,,,,,sfnoid,,rcv_single_winner,1,"Ballot_Images/Pierce County/Pierce County Council, District No. 2 2008 Ballot Image.txt"
Pierce County Executive 2008,Pierce County,WA,2008,11/04/2008,Executive,TRUE,FALSE,,,,,,,,sfnoid,,rcv_single_winner,1,Ballot_Images/Pierce County/Pierce County Executive 2008 Ballot Image.txt
San Francisco Board of Supervisors District 1 2008,San Francisco,CA,2008,11/04/2008,Board of Supervisors District 1,TRUE,FALSE,,"""06""","""075""",,,,,"partial(sf, '0000003')",,rcv_single_winner,1,Ballot_Images/San Francisco/San Fran_Nov 2008_All District races/CityWide_BallotImage.txt
San Francisco Board of Supervisors District 11 2008,San Francisco,CA,2008,11/04/2008,Board of Supervisors District 11,TRUE,FALSE,,"""06""","""075""",,,,,"partial(sf, '0000004')",,rcv_single_winner,1,Ballot_Images/San Francisco/San Fran_Nov 2008_All District races/CityWide_BallotImage.txt
San Francisco Board of Supervisors District 3 2008,San Francisco,CA,2008,11/04/2008,Board of Supervisors District 3,TRUE,FALSE,,"""06""","""075""",,,,,"partial(sf, '0000005')",,rcv_single_winner,1,Ballot_Images/San Francisco/San Fran_Nov 2008_All District races/CityWide_BallotImage.txt
San Francisco Board of Supervisors District 4 2008,San Francisco,CA,2008,11/04/2008,Board of Supervisors District 4,TRUE,FALSE,,"""06""","""075""",,,,,"partial(sf, '0000006')",,rcv_single_winner,1,Ballot_Images/San Francisco/San Fran_Nov 2008_All District races/CityWide_BallotImage.txt
San Francisco Board of Supervisors District 5 2008,San Francisco,CA,2008,11/04/2008,Board of Supervisors District 5,TRUE,FALSE,,"""06""","""075""",,,,,"partial(sf, '0000007')",,rcv_single_winner,1,Ballot_Images/San Francisco/San Fran_Nov 2008_All District races/CityWide_BallotImage.txt
San Francisco Board of Supervisors District 7 2008,San Francisco,CA,2008,11/04/2008,Board of Supervisors District 7,TRUE,FALSE,,"""06""","""075""",,,,,"partial(sf, '0000008')",,rcv_single_winner,1,Ballot_Images/San Francisco/San Fran_Nov 2008_All District races/CityWide_BallotImage.txt
San Francisco Board of Supervisors District 9 2008,San Francisco,CA,2008,11/04/2008,Board of Supervisors District 9,TRUE,FALSE,,"""06""","""075""",,,,,"partial(sf, '0000009')",,rcv_single_winner,1,Ballot_Images/San Francisco/San Fran_Nov 2008_All District races/CityWide_BallotImage.txt
Cambridge City Council 2009,Cambridge,MA,2009,11/03/2009,City Council,FALSE,FALSE,,,,,,Ballot_Images/Cambridge/2009/Council/Final/*.chp,,prm,,stv_whole_ballot,9,Ballot_Images/Cambridge/2009/Council/*/*.PRM
Burlington Mayor 2009,Burlington,VT,2009,03/03/2009,Mayor,TRUE,FALSE,,,,,,Ballot_Images/Burlington/2009 Burlington Mayor/*.chp,,prm,,rcv_single_winner,1,Ballot_Images/Burlington/2009 Burlington Mayor/*.PRM
Pierce County Auditor 2009,Pierce County,WA,2009,11/03/2009,Auditor,TRUE,FALSE,,,,,,,,sfnoid,,rcv_single_winner,1,Ballot_Images/Pierce County/Pierce County Auditor 2009 Ballot Image.txt
Minneapolis BOE 2009,Minneapolis,MN,2009,11/06/2009,BOE,FALSE,,TRUE,,,,,,,minneapolis,,stv_fractional_ballot,2,Ballot_Images/Minneapolis/2009/csv2009/Minneapolis 2009 Board of Estimate and Taxation – At-Large – elect 2.xls.csv
Minneapolis Mayor 2009,Minneapolis,MN,2009,11/06/2009,Mayor,FALSE,,,,,,,,,minneapolis,,rcv_single_winner,1,Ballot_Images/Minneapolis/2009/csv2009/Minneapolis 2009 Mayor.xls.csv
Minneapolis Park At Large 2009,Minneapolis,MN,2009,11/06/2009,Park At Large,FALSE,,TRUE,,,,,,,minneapolis,,stv_fractional_ballot,3,Ballot_Images/Minneapolis/2009/csv2009/Minneapolis 2009 Park and Recreation Board – At-Large – elect 3.xls.csv
Minneapolis Park District 1 2009,Minneapolis,MN,2009,11/06/2009,Park District 1,FALSE,,,,,,,,,minneapolis,,rcv_single_winner,1,Ballot_Images/Minneapolis/2009/csv2009/Minneapolis Park and Recreation Board District 1.xls.csv
Minneapolis Park District 2 2009,Minneapolis,MN,2009,11/06/2009,Park District 2,FALSE,,,,,,,,,minneapolis,,rcv_single_winner,1,Ballot_Images/Minneapolis/2009/csv2009/Minneapolis Park and Recreation Board District 2.xls.csv
Minneapolis Park District 3 2009,Minneapolis,MN,2009,11/06/2009,Park District 3,FALSE,,,,,,,,,minneapolis,,rcv_single_winner,1,Ballot_Images/Minneapolis/2009/csv2009/Minneapolis Park and Recreation Board District 3.xls.csv
Minneapolis Park District 4 2009,Minneapolis,MN,2009,11/06/2009,Park District 4,FALSE,,,,,,,,,minneapolis,,rcv_single_winner,1,Ballot_Images/Minneapolis/2009/csv2009/Minneapolis Park and Recreation Board District 4.xls.csv
Minneapolis Park District 5 2009,Minneapolis,MN,2009,11/06/2009,Park District 5,FALSE,,,,,,,,,minneapolis,,rcv_single_winner,1,Ballot_Images/Minneapolis/2009/csv2009/Minneapolis Park and Recreation Board District 5.xls.csv
Minneapolis Park District 6 2009,Minneapolis,MN,2009,11/06/2009,Park District 6,FALSE,,,,,,,,,minneapolis,,rcv_single_winner,1,Ballot_Images/Minneapolis/2009/csv2009/Minneapolis Park and Recreation Board District 6.xls.csv
Minneapolis Ward 1 2009,Minneapolis,MN,2009,11/06/2009,Ward 1,FALSE,,,,,,,,,minneapolis,,rcv_single_winner,1,Ballot_Images/Minneapolis/2009/csv2009/Minneapolis 2009 Council Member Ward 1.xls.csv
Minneapolis Ward 10 2009,Minneapolis,MN,2009,11/06/2009,Ward 10,FALSE,,,,,,,,,minneapolis,,rcv_single_winner,1,Ballot_Images/Minneapolis/2009/csv2009/Minneapolis 2009 Council Member Ward 10.xls.csv
Minneapolis Ward 11 2009,Minneapolis,MN,2009,11/06/2009,Ward 11,FALSE,,,,,,,,,minneapolis,,rcv_single_winner,1,Ballot_Images/Minneapolis/2009/csv2009/Minneapolis 2009 Council Member Ward 11.xls.csv
Minneapolis Ward 12 2009,Minneapolis,MN,2009,11/06/2009,Ward 12,FALSE,,,,,,,,,minneapolis,,rcv_single_winner,1,Ballot_Images/Minneapolis/2009/csv2009/Minneapolis 2009 Council Member Ward 12.xls.csv
Minneapolis Ward 13 2009,Minneapolis,MN,2009,11/06/2009,Ward 13,FALSE,,,,,,,,,minneapolis,,rcv_single_winner,1,Ballot_Images/Minneapolis/2009/csv2009/Minneapolis 2009 Council Member Ward 13.xls.csv
Minneapolis Ward 2 2009,Minneapolis,MN,2009,11/06/2009,Ward 2,FALSE,,,,,,,,,minneapolis,,rcv_single_winner,1,Ballot_Images/Minneapolis/2009/csv2009/Minneapolis 2009 Council Member Ward 2.xls.csv
Minneapolis Ward 3 2009,Minneapolis,MN,2009,11/06/2009,Ward 3,FALSE,,,,,,,,,minneapolis,,rcv_single_winner,1,Ballot_Images/Minneapolis/2009/csv2009/Minneapolis 2009 Council Member Ward 3.xls.csv
Minneapolis Ward 4 2009,Minneapolis,MN,2009,11/06/2009,Ward 4,FALSE,,,,,,,,,minneapolis,,rcv_single_winner,1,Ballot_Images/Minneapolis/2009/csv2009/Minneapolis 2009 Council Member Ward 4.xls.csv
Minneapolis Ward 5 2009,Minneapolis,MN,2009,11/06/2009,Ward 5,FALSE,,,,,,,,,minneapolis,,rcv_single_winner,1,Ballot_Images/Minneapolis/2009/csv2009/Minneapolis 2009 Council Member Ward 5.xls.csv
Minneapolis Ward 6 2009,Minneapolis,MN,2009,11/06/2009,Ward 6,FALSE,,,,,,,,,minneapolis,,rcv_single_winner,1,Ballot_Images/Minneapolis/2009/csv2009/Minneapolis 2009 Council Member Ward 6.xls.csv
Minneapolis Ward 7 2009,Minneapolis,MN,2009,11/06/2009,Ward 7,FALSE,,,,,,,,,minneapolis,,rcv_single_winner,1,Ballot_Images/Minneapolis/2009/csv2009/Minneapolis 2009 Council Member Ward 7.xls.csv
Minneapolis Ward 8 2009,Minneapolis,MN,2009,11/06/2009,Ward 8,FALSE,,,,,,,,,minneapolis,,rcv_single_winner,1,Ballot_Images/Minneapolis/2009/csv2009/Minneapolis 2009 Council Member Ward 8.xls.csv
Minneapolis Ward 9 2009,Minneapolis,MN,2009,11/06/2009,Ward 9,FALSE,,,,,,,,,minneapolis,,rcv_single_winner,1,Ballot_Images/Minneapolis/2009/csv2009/Minneapolis 2009 Council Member Ward 9.xls.csv
2010 City Auditor - Berkeley Nov 2010cam,Berkeley,CA,2010,11/02/2010,City Auditor,TRUE,FALSE,,"""06""","""001""",,,,,sfnoid,,rcv_single_winner,1,"Ballot_Images/Alameda (Oakland, San Leandro, Berkeley)/Alameda (Oakland, San Leandro, Berkeley) 2010/ballot_image_City Auditor - Berkeley_Nov 2010.txt"
"2010 Member, City Council, District 1 - Berkeley Nov 2010",Berkeley,CA,2010,11/02/2010,Member City Council District 1,TRUE,FALSE,,"""06""","""001""",,,,,sfnoid,,rcv_single_winner,1,"Ballot_Images/Alameda (Oakland, San Leandro, Berkeley)/Alameda (Oakland, San Leandro, Berkeley) 2010/ballot_image_Member, City Council, District 1 - Berkeley_Nov 2010.txt"
"2010 Member, City Council, District 4 - Berkeley Nov 2010",Berkeley,CA,2010,11/02/2010,Member City Council District 4,TRUE,FALSE,,"""06""","""001""",,,,,sfnoid,,rcv_single_winner,1,"Ballot_Images/Alameda (Oakland, San Leandro, Berkeley)/Alameda (Oakland, San Leandro, Berkeley) 2010/ballot_image_Member, City Council, District 4 - Berkeley_Nov 2010.txt"
"2010 Member, City Council, District 7 - Berkeley Nov 2010",Berkeley,CA,2010,11/02/2010,Member City Council District 7,TRUE,FALSE,,"""06""","""001""",,,,,sfnoid,,rcv_single_winner,1,"Ballot_Images/Alameda (Oakland, San Leandro, Berkeley)/Alameda (Oakland, San Leandro, Berkeley) 2010/ballot_image_Member, City Council, District 7 - Berkeley_Nov 2010.txt"
"2010 Member, City Council, District 8 - Berkeley Nov 2010",Berkeley,CA,2010,11/02/2010,Member City Council District 8,TRUE,FALSE,,"""06""","""001""",,,,,sfnoid,,rcv_single_winner,1,"Ballot_Images/Alameda (Oakland, San Leandro, Berkeley)/Alameda (Oakland, San Leandro, Berkeley) 2010/ballot_image_Member, City Council, District 8 - Berkeley_Nov 2010.txt"
2010 City Auditor - Oakland Nov 2010,Oakland,CA,2010,11/02/2010,City Auditor,TRUE,FALSE,,"""06""","""001""",,,,,sfnoid,,rcv_single_winner,1,"Ballot_Images/Alameda (Oakland, San Leandro, Berkeley)/Alameda (Oakland, San Leandro, Berkeley) 2010/ballot_image_City Auditor - Oakland_Nov 2010.txt"
2010 Mayor of Oakland Nov 2010,Oakland,CA,2010,11/02/2010,Mayor,TRUE,FALSE,,"""06""","""001""",,,,,sfnoid,,rcv_single_winner,1,"Ballot_Images/Alameda (Oakland, San Leandro, Berkeley)/Alameda (Oakland, San Leandro, Berkeley) 2010/ballot_image_Mayor of Oakland_Nov 2010.txt"
"2010 Member, City Council, District 2 - Oakland Nov 2010",Oakland,CA,2010,11/02/2010,Member City Council District 2,TRUE,FALSE,,"""06""","""001""",,,,,sfnoid,,rcv_single_winner,1,"Ballot_Images/Alameda (Oakland, San Leandro, Berkeley)/Alameda (Oakland, San Leandro, Berkeley) 2010/ballot_image_Member, City Council, District 2 - Oakland_Nov 2010.txt"
"2010 Member, City Council, District 4 - Oakland Nov 2010",Oakland,CA,2010,11/02/2010,Member City Council District 4,TRUE,FALSE,,"""06""","""001""",,,,,sfnoid,,rcv_single_winner,1,"Ballot_Images/Alameda (Oakland, San Leandro, Berkeley)/Alameda (Oakland, San Leandro, Berkeley) 2010/ballot_image_Member, City Council, District 4 - Oakland_Nov 2010.txt"
"2010 Member, City Council, District 6 - Oakland Nov 2010",Oakland,CA,2010,11/02/2010,Member City Council District 6,TRUE,FALSE,,"""06""","""001""",,,,,sfnoid,,rcv_single_winner,1,"Ballot_Images/Alameda (Oakland, San Leandro, Berkeley)/Alameda (Oakland, San Leandro, Berkeley) 2010/ballot_image_Member, City Council, District 6 - Oakland_Nov 2010.txt"
"2010 School Director, District 2 - Oakland Nov 2010",Oakland,CA,2010,11/02/2010,School Director District 2,TRUE,FALSE,,"""06""","""001""",,,,,sfnoid,,rcv_single_winner,1,"Ballot_Images/Alameda (Oakland, San Leandro, Berkeley)/Alameda (Oakland, San Leandro, Berkeley) 2010/ballot_image_School Director, District 2 - Oakland_Nov 2010.txt"
"2010 School Director, District 4 - Oakland Nov 2010",Oakland,CA,2010,11/02/2010,School Director District 4,TRUE,FALSE,,"""06""","""001""",,,,,sfnoid,,rcv_single_winner,1,"Ballot_Images/Alameda (Oakland, San Leandro, Berkeley)/Alameda (Oakland, San Leandro, Berkeley) 2010/ballot_image_School Director, District 4 - Oakland_Nov 2010.txt"
"2010 School Director, District 6 - Oakland Nov 2010",Oakland,CA,2010,11/02/2010,School Director District 6,TRUE,FALSE,,"""06""","""001""",,,,,sfnoid,,rcv_single_winner,1,"Ballot_Images/Alameda (Oakland, San Leandro, Berkeley)/Alameda (Oakland, San Leandro, Berkeley) 2010/ballot_image_School Director, District 6 - Oakland_Nov 2010.txt"
San Francisco Board of Supervisors District 10 2010,San Francisco,CA,2010,11/02/2010,Board of Supervisors District 10,TRUE,FALSE,,"""06""","""075""",,,,,sfnoid,,rcv_single_winner,1,Ballot_Images/San Francisco/San Fran_Nov 2010_District 10 Supervisors/BallotImage-D10.txt
San Francisco Board of Supervisors District 2 2010,San Francisco,CA,2010,11/02/2010,Board of Supervisors District 2,TRUE,FALSE,,"""06""","""075""",,,,,sfnoid,,rcv_single_winner,1,Ballot_Images/San Francisco/San Fran_Nov 2010_District 2 Supervisors/BallotImage-D2.txt
San Francisco Board of Supervisors District 6 2010,San Francisco,CA,2010,11/02/2010,Board of Supervisors District 6,TRUE,FALSE,,"""06""","""075""",,,,,sfnoid,,rcv_single_winner,1,Ballot_Images/San Francisco/San Fran_Nov 2010_District 6 Supervisors/BallotImage-D6.txt
San Francisco Board of Supervisors District 8 2010,San Francisco,CA,2010,11/02/2010,Board of Supervisors District 8,TRUE,FALSE,,"""06""","""075""",,,,,sfnoid,,rcv_single_winner,1,Ballot_Images/San Francisco/San Fran_Nov 2010_District 8 Supervisors/BallotImage-D8.txt
2010 Mayor of San Leandro Nov 2010,San Leandro,CA,2010,11/02/2010,Mayor,TRUE,FALSE,,"""06""","""001""",,,,,sfnoid,,rcv_single_winner,1,"Ballot_Images/Alameda (Oakland, San Leandro, Berkeley)/Alameda (Oakland, San Leandro, Berkeley) 2010/ballot_image_Mayor of San Leandro_Nov 2010.txt"
"2010 Member, City Council, District 1 - San Leandro Nov 2010",San Leandro,CA,2010,11/02/2010,Member City Council District 1,TRUE,FALSE,,"""06""","""001""",,,,,sfnoid,,rcv_single_winner,1,"Ballot_Images/Alameda (Oakland, San Leandro, Berkeley)/Alameda (Oakland, San Leandro, Berkeley) 2010/ballot_image_Member, City Council, District 1 - San Leandro_Nov 2010.txt"
"2010 Member, City Council, District 3 - San Leandro Nov 2010",San Leandro,CA,2010,11/02/2010,Member City Council District 3,TRUE,FALSE,,"""06""","""001""",,,,,sfnoid,,rcv_single_winner,1,"Ballot_Images/Alameda (Oakland, San Leandro, Berkeley)/Alameda (Oakland, San Leandro, Berkeley) 2010/ballot_image_Member, City Council, District 3 - San Leandro_Nov 2010.txt"
"2010 Member, City Council, District 5 - San Leandro Nov 2010",San Leandro,CA,2010,11/02/2010,Member City Council District 5,TRUE,FALSE,,"""06""","""001""",,,,,sfnoid,,rcv_single_winner,1,"Ballot_Images/Alameda (Oakland, San Leandro, Berkeley)/Alameda (Oakland, San Leandro, Berkeley) 2010/ballot_image_Member, City Council, District 5 - San Leandro_Nov 2010.txt"
Cambridge City Council 2011,Cambridge,MA,2011,11/08/2011,City Council,FALSE,FALSE,,,,,,Ballot_Images/Cambridge/2011/Council/Final/Council Final Piles Report.txt,,prm,,stv_whole_ballot,9,Ballot_Images/Cambridge/2011/Council/*/*.PRM
Cambridge School Committee 2011,Cambridge,MA,2011,11/08/2011,School Committee,FALSE,FALSE,,,,,,Ballot_Images/Cambridge/2011/School/Final/School Final Piles Report.txt,,prm,,stv_whole_ballot,6,Ballot_Images/Cambridge/2011/School/*/*.PRM
San Francisco District Attorney 2011,San Francisco,CA,2011,11/08/2011,District Attorney,TRUE,FALSE,,"""06""","""075""",,,,,sfnoid,,rcv_single_winner,1,Ballot_Images/San Francisco/San Fran Nov 2011 District Attorney/DA-BallotImage.txt
San Francisco Mayor 2011,San Francisco,CA,2011,11/08/2011,Mayor,TRUE,FALSE,,"""06""","""075""",,,,,sfnoid,,rcv_single_winner,1,Ballot_Images/San Francisco/San Fran Nov 2011 Mayor/Mayor-BallotImage.txt
San Francisco Sheriff 2011,San Francisco,CA,2011,11/08/2011,Sheriff,TRUE,FALSE,,"""06""","""075""",,,,,sfnoid,,rcv_single_winner,1,Ballot_Images/San Francisco/San Fran Nov 2011 Sheriff/Sheriff-BallotImage.txt
2012 Mayor - Berkeley Nov 2012,Berkeley,CA,2012,11/06/2012,Mayor,TRUE,FALSE,,"""06""","""001""",,,,,sfnoid,,rcv_single_winner,1,"Ballot_Images/Alameda (Oakland, San Leandro, Berkeley)/Alameda (Oakland, San Leandro, Berkeley) 2012/ballot_image_Mayor - Berkeley_Nov 2012.txt"
"2012 Member, City Council, District 2 - Berkeley Nov 2012",Berkeley,CA,2012,11/06/2012,Member City Council District 2,TRUE,FALSE,,"""06""","""001""",,,,,sfnoid,,rcv_single_winner,1,"Ballot_Images/Alameda (Oakland, San Leandro, Berkeley)/Alameda (Oakland, San Leandro, Berkeley) 2012/ballot_image_Member, City Council, District 2 - Berkeley_Nov 2012.txt"
"2012 Member, City Council, District 3 - Berkeley Nov 2012",Berkeley,CA,2012,11/06/2012,Member City Council District 3,TRUE,FALSE,,"""06""","""001""",,,,,sfnoid,,rcv_single_winner,1,"Ballot_Images/Alameda (Oakland, San Leandro, Berkeley)/Alameda (Oakland, San Leandro, Berkeley) 2012/ballot_image_Member, City Council, District 3 - Berkeley_Nov 2012.txt"
"2012 Member, City Council, District 5 - Berkeley Nov 2012",Berkeley,CA,2012,11/06/2012,Member City Council District 5,TRUE,FALSE,,"""06""","""001""",,,,,sfnoid,,rcv_single_winner,1,"Ballot_Images/Alameda (Oakland, San Leandro, Berkeley)/Alameda (Oakland, San Leandro, Berkeley) 2012/ballot_image_Member, City Council, District 5 - Berkeley_Nov 2012.txt"
"2012 Member, City Council, District 6 - Berkeley Nov 2012",Berkeley,CA,2012,11/06/2012,Member City Council District 6,TRUE,FALSE,,"""06""","""001""",,,,,sfnoid,,rcv_single_winner,1,"Ballot_Images/Alameda (Oakland, San Leandro, Berkeley)/Alameda (Oakland, San Leandro, Berkeley) 2012/ballot_image_Member, City Council, District 6 - Berkeley_Nov 2012.txt"
2012 City Attorney - Oakland Nov 2012,Oakland,CA,2012,11/06/2012,City Attorney,TRUE,FALSE,,"""06""","""001""",,,,,sfnoid,,rcv_single_winner,1,"Ballot_Images/Alameda (Oakland, San Leandro, Berkeley)/Alameda (Oakland, San Leandro, Berkeley) 2012/ballot_image_City Attorney - Oakland_Nov 2012.txt"
"2012 Member, City Council, At-Large - Oakland Nov 2012",Oakland,CA,2012,11/06/2012,Member City Council At-Large,TRUE,FALSE,,"""06""","""001""",,,,,sfnoid,,rcv_single_winner,1,"Ballot_Images/Alameda (Oakland, San Leandro, Berkeley)/Alameda (Oakland, San Leandro, Berkeley) 2012/ballot_image_Member, City Council, At-Large - Oakland_Nov 2012.txt"
"2012 Member, City Council, District 1- Oakland Nov 2012",Oakland,CA,2012,11/06/2012,Member City Council District 1,TRUE,FALSE,,"""06""","""001""",,,,,sfnoid,,rcv_single_winner,1,"Ballot_Images/Alameda (Oakland, San Leandro, Berkeley)/Alameda (Oakland, San Leandro, Berkeley) 2012/ballot_image_Member, City Council, District 1- Oakland_Nov 2012.txt"
"2012 Member, City Council, District 5- Oakland Nov 2012",Oakland,CA,2012,11/06/2012,Member City Council District 5,TRUE,FALSE,,"""06""","""001""",,,,,sfnoid,,rcv_single_winner,1,"Ballot_Images/Alameda (Oakland, San Leandro, Berkeley)/Alameda (Oakland, San Leandro, Berkeley) 2012/ballot_image_Member, City Council, District 5- Oakland_Nov 2012.txt"
"2012 Member, City Council, District 7- Oakland Nov 2012",Oakland,CA,2012,11/06/2012,Member City Council District 7,TRUE,FALSE,,"""06""","""001""",,,,,sfnoid,,rcv_single_winner,1,"Ballot_Images/Alameda (Oakland, San Leandro, Berkeley)/Alameda (Oakland, San Leandro, Berkeley) 2012/ballot_image_Member, City Council, District 7- Oakland_Nov 2012.txt"
"2012 Member, City Council,District 3 - Oakland Nov 2012",Oakland,CA,2012,11/06/2012,Member City Council District 3,TRUE,FALSE,,"""06""","""001""",,,,,sfnoid,,rcv_single_winner,1,"Ballot_Images/Alameda (Oakland, San Leandro, Berkeley)/Alameda (Oakland, San Leandro, Berkeley) 2012/ballot_image_Member, City Council,District 3 - Oakland_Nov 2012.txt"
"2012 School Director, District 1 - Oakland Nov 2012",Oakland,CA,2012,11/06/2012,School Director District 1,TRUE,FALSE,,"""06""","""001""",,,,,sfnoid,,rcv_single_winner,1,"Ballot_Images/Alameda (Oakland, San Leandro, Berkeley)/Alameda (Oakland, San Leandro, Berkeley) 2012/ballot_image_School Director, District 1 - Oakland_Nov 2012.txt"
"2012 School Director, District 3 - Oakland Nov 2012",Oakland,CA,2012,11/06/2012,School Director District 3,TRUE,FALSE,,"""06""","""001""",,,,,sfnoid,,rcv_single_winner,1,"Ballot_Images/Alameda (Oakland, San Leandro, Berkeley)/Alameda (Oakland, San Leandro, Berkeley) 2012/ballot_image_School Director, District 3 - Oakland_Nov 2012.txt"
"2012 School Director, District 5 - Oakland Nov 2012",Oakland,CA,2012,11/06/2012,School Director District 5,TRUE,FALSE,,"""06""","""001""",,,,,sfnoid,,rcv_single_winner,1,"Ballot_Images/Alameda (Oakland, San Leandro, Berkeley)/Alameda (Oakland, San Leandro, Berkeley) 2012/ballot_image_School Director, District 5 - Oakland_Nov 2012.txt"
"2012 School Director, District 7 - Oakland Nov 2012",Oakland,CA,2012,11/06/2012,School Director District 7,TRUE,FALSE,,"""06""","""001""",,,,,sfnoid,,rcv_single_winner,1,"Ballot_Images/Alameda (Oakland, San Leandro, Berkeley)/Alameda (Oakland, San Leandro, Berkeley) 2012/ballot_image_School Director, District 7 - Oakland_Nov 2012.txt"
San Francisco Board of Supervisors District 5 2012,San Francisco,CA,2012,11/06/2012,Board of Supervisors District 5,TRUE,FALSE,,"""06""","""075""",,,,,sfnoid,,rcv_single_winner,1,Ballot_Images/San Francisco/San Fran_Nov 2012_District 5 Supervisors/D5-BallotImage.txt
San Francisco Board of Supervisors District 7 2012,San Francisco,CA,2012,11/06/2012,Board of Supervisors District 7,TRUE,FALSE,,"""06""","""075""",,,,,sfnoid,,rcv_single_winner,1,Ballot_Images/San Francisco/San Fran_Nov 2012_District 7 Supervisors/D7-BallotImage.txt
"2012 Member, City Council, District 2 - San Leandro Nov 2012",San Leandro,CA,2012,11/06/2012,Member City Council District 2,TRUE,FALSE,,"""06""","""001""",,,,,sfnoid,,rcv_single_winner,1,"Ballot_Images/Alameda (Oakland, San Leandro, Berkeley)/Alameda (Oakland, San Leandro, Berkeley) 2012/ballot_image_Member, City Council, District 2 - San Leandro_Nov 2012.txt"
"2012 Member, City Council, District 4 - San Leandro Nov 2012",San Leandro,CA,2012,11/06/2012,Member City Council District 4,TRUE,FALSE,,"""06""","""001""",,,,,sfnoid,,rcv_single_winner,1,"Ballot_Images/Alameda (Oakland, San Leandro, Berkeley)/Alameda (Oakland, San Leandro, Berkeley) 2012/ballot_image_Member, City Council, District 4 - San Leandro_Nov 2012.txt"
"2012 Member, City Council, District 6 - San Leandro Nov 2012",San Leandro,CA,2012,11/06/2012,Member City Council District 6,TRUE,FALSE,,"""06""","""001""",,,,,sfnoid,,rcv_single_winner,1,"Ballot_Images/Alameda (Oakland, San Leandro, Berkeley)/Alameda (Oakland, San Leandro, Berkeley) 2012/ballot_image_Member, City Council, District 6 - San Leandro_Nov 2012.txt"
Cambridge City Council 2013,Cambridge,MA,2013,11/05/2013,City Council,FALSE,FALSE,,,,,,Ballot_Images/Cambridge/2013/Council/*/*.chp,,prm,,stv_whole_ballot,9,Ballot_Images/Cambridge/2013/Council/*/*.PRM
Cambridge School Committee 2013,Cambridge,MA,2013,11/05/2013,School Committee,FALSE,FALSE,,,,,,Ballot_Images/Cambridge/2013/School/*/*.chp,,prm,,stv_whole_ballot,6,Ballot_Images/Cambridge/2013/School/*/*.PRM
Minneapolis BOE 2013,Minneapolis,MN,2013,11/05/2013,BOE,FALSE,,TRUE,,,,,,,minneapolis,,stv_fractional_ballot,2,Ballot_Images/Minneapolis/2013_only those contested/csv2013/Minneapolis 2013-board of estimation and taxation cvr.xlsx.csv
Minneapolis Mayor 2013,Minneapolis,MN,2013,11/05/2013,Mayor,FALSE,,,,,,,,,minneapolis,,rcv_single_winner,1,Ballot_Images/Minneapolis/2013_only those contested/csv2013/Minneapolis 2013-mayor-cvr.xlsx.csv
Minneapolis Park At Large 2013,Minneapolis,MN,2013,11/05/2013,Park At Large,FALSE,,TRUE,,,,,,,minneapolis,,stv_fractional_ballot,3,Ballot_Images/Minneapolis/2013_only those contested/csv2013/Minneapolis 2013-park-at-large-cvr.xlsx.csv
Minneapolis Park District 2 2013,Minneapolis,MN,2013,11/05/2013,Park District 2,FALSE,,,,,,,,,minneapolis,,rcv_single_winner,1,Ballot_Images/Minneapolis/2013_only those contested/csv2013/Minneapolis 2013-park-district-2-cvr.xlsx.csv
Minneapolis Park District 6 2013,Minneapolis,MN,2013,11/05/2013,Park District 6,FALSE,,,,,,,,,minneapolis,,rcv_single_winner,1,Ballot_Images/Minneapolis/2013_only those contested/csv2013/Minneapolis 2013-park-district-6-cvr.xlsx.csv
Minneapolis Ward 13 2013,Minneapolis,MN,2013,11/05/2013,Ward 13,FALSE,,,,,,,,,minneapolis,,rcv_single_winner,1,Ballot_Images/Minneapolis/2013_only those contested/csv2013/Minneapolis 2013 Council - ward-13-cvr.xlsx.csv
Minneapolis Ward 5 2013,Minneapolis,MN,2013,11/05/2013,Ward 5,FALSE,,,,,,,,,minneapolis,,rcv_single_winner,1,Ballot_Images/Minneapolis/2013_only those contested/csv2013/Minneapolis 2013 Council - ward-5-cvr.xlsx.csv
Minneapolis Ward 9 2013,Minneapolis,MN,2013,11/05/2013,Ward 9,FALSE,,,,,,,,,minneapolis,,rcv_single_winner,1,Ballot_Images/Minneapolis/2013_only those contested/csv2013/Minneapolis 2013 Council - ward-9-cvr.xlsx.csv
2014 City Auditor - Berkeley Nov 2014,Berkeley,CA,2014,11/04/2014,City Auditor,TRUE,FALSE,,"""06""","""001""",,,,,sfnoid,,rcv_single_winner,1,"Ballot_Images/Alameda (Oakland, San Leandro, Berkeley)/Alameda (Oakland, San Leandro, Berkeley) 2014/ballot_image_City Auditor - Berkeley_Nov 2014.txt"
"2014 Member, City Council, District 1 - Berkeley Nov 2014",Berkeley,CA,2014,11/04/2014,Member City Council District 1,TRUE,FALSE,,"""06""","""001""",,,,,sfnoid,,rcv_single_winner,1,"Ballot_Images/Alameda (Oakland, San Leandro, Berkeley)/Alameda (Oakland, San Leandro, Berkeley) 2014/ballot_image_Member, City Council, District 1 - Berkeley_Nov_2014.txt"
"2014 Member, City Council, District 7 - Berkeley Nov 2014",Berkeley,CA,2014,11/04/2014,Member City Council District 7,TRUE,FALSE,,"""06""","""001""",,,,,sfnoid,,rcv_single_winner,1,"Ballot_Images/Alameda (Oakland, San Leandro, Berkeley)/Alameda (Oakland, San Leandro, Berkeley) 2014/ballot_image_Member, City Council, District 7 - Berkeley_Nov 2014.txt"
"2014 Member, City Council, District 8 - Berkeley Nov 2014",Berkeley,CA,2014,11/04/2014,Member City Council District 8,TRUE,FALSE,,"""06""","""001""",,,,,sfnoid,,rcv_single_winner,1,"Ballot_Images/Alameda (Oakland, San Leandro, Berkeley)/Alameda (Oakland, San Leandro, Berkeley) 2014/ballot_image_Member, City Council, District 8 - Berkeley_Nov 2014.txt"
2014 City Auditor - Oakland Nov 2014,Oakland,CA,2014,11/04/2014,City Auditor,TRUE,FALSE,,"""06""","""001""",,,,,sfnoid,,rcv_single_winner,1,"Ballot_Images/Alameda (Oakland, San Leandro, Berkeley)/Alameda (Oakland, San Leandro, Berkeley) 2014/ballot_image_City Auditor - Oakland_Nov 2014.txt"
2014 Mayor - Oakland Nov 2014,Oakland,CA,2014,11/04/2014,Mayor,TRUE,FALSE,,"""06""","""001""",,,,,sfnoid,,rcv_single_winner,1,"Ballot_Images/Alameda (Oakland, San Leandro, Berkeley)/Alameda (Oakland, San Leandro, Berkeley) 2014/ballot_image_Mayor - Oakland_Nov 2014.txt"
"2014 Member, City Council, District 2 - Oakland Nov 2014",Oakland,CA,2014,11/04/2014,Member City Council District 2,TRUE,FALSE,,"""06""","""001""",,,,,sfnoid,,rcv_single_winner,1,"Ballot_Images/Alameda (Oakland, San Leandro, Berkeley)/Alameda (Oakland, San Leandro, Berkeley) 2014/ballot_image_Member, City Council, District 2 - Oakland_Nov 2014.txt"
"2014 Member, City Council, District 4 - Oakland Nov 2014",Oakland,CA,2014,11/04/2014,Member City Council District 4,TRUE,FALSE,,"""06""","""001""",,,,,sfnoid,,rcv_single_winner,1,"Ballot_Images/Alameda (Oakland, San Leandro, Berkeley)/Alameda (Oakland, San Leandro, Berkeley) 2014/ballot_image_Member, City Council, District 4 - Oakland_Nov 2014.txt"
"2014 Member, City Council, District 6 - Oakland Nov 2014",Oakland,CA,2014,11/04/2014,Member City Council District 6,TRUE,FALSE,,"""06""","""001""",,,,,sfnoid,,rcv_single_winner,1,"Ballot_Images/Alameda (Oakland, San Leandro, Berkeley)/Alameda (Oakland, San Leandro, Berkeley) 2014/ballot_image_Member, City Council, District 6 - Oakland_Nov 2014.txt"
"2014 School Director, District 2 - Oakland Nov 2014",Oakland,CA,2014,11/04/2014,School Director District 2,TRUE,FALSE,,"""06""","""001""",,,,,sfnoid,,rcv_single_winner,1,"Ballot_Images/Alameda (Oakland, San Leandro, Berkeley)/Alameda (Oakland, San Leandro, Berkeley) 2014/ballot_image_School Director, District 2 - Oakland_Nov 2014.txt"
"2014 School Director, District 4 - Oakland Nov 2014",Oakland,CA,2014,11/04/2014,School Director District 4,TRUE,FALSE,,"""06""","""001""",,,,,sfnoid,,rcv_single_winner,1,"Ballot_Images/Alameda (Oakland, San Leandro, Berkeley)/Alameda (Oakland, San Leandro, Berkeley) 2014/ballot_image_School Director, District 4 - Oakland_Nov 2014.txt"
"2014 School Director, District 6 - Oakland Nov 2014",Oakland,CA,2014,11/04/2014,School Director District 6,TRUE,FALSE,,"""06""","""001""",,,,,sfnoid,,rcv_single_winner,1,"Ballot_Images/Alameda (Oakland, San Leandro, Berkeley)/Alameda (Oakland, San Leandro, Berkeley) 2014/ballot_image_School Director, District 6 - Oakland_Nov 2014.txt"
San Francisco Board of Supervisors District 10 2014,San Francisco,CA,2014,11/04/2014,Board of Supervisors District 10,TRUE,FALSE,,"""06""","""075""",,,,,sfnoid,,rcv_single_winner,1,Ballot_Images/San Francisco/San Fran_Nov 2014_District 10 Supervisors/D10_BallotImage.txt
2014 Mayor of San Leandro Nov 2014,San Leandro,CA,2014,11/04/2014,Mayor,TRUE,FALSE,,"""06""","""001""",,,,,sfnoid,,rcv_single_winner,1,"Ballot_Images/Alameda (Oakland, San Leandro, Berkeley)/Alameda (Oakland, San Leandro, Berkeley) 2014/ballot_image_Mayor of San Leandro_Nov 2014.txt"
"2014 Member, City Council, District 1 - San Leandro Nov 2014",San Leandro,CA,2014,11/04/2014,Member City Council District 1,TRUE,FALSE,,"""06""","""001""",,,,,sfnoid,,rcv_single_winner,1,"Ballot_Images/Alameda (Oakland, San Leandro, Berkeley)/Alameda (Oakland, San Leandro, Berkeley) 2014/ballot_image_Member, City Council, District 1 - San Leandro_Nov 2014.txt"
"2014 Member, City Council, District 3 - San Leandro Nov 2014",San Leandro,CA,2014,11/04/2014,Member City Council District 3,TRUE,FALSE,,"""06""","""001""",,,,,sfnoid,,rcv_single_winner,1,"Ballot_Images/Alameda (Oakland, San Leandro, Berkeley)/Alameda (Oakland, San Leandro, Berkeley) 2014/ballot_image_Member, City Council, District 3 - San Leandro_Nov 2014.txt"
"2014 Member, City Council, District 5 - San Leandro Nov 2014",San Leandro,CA,2014,11/04/2014,Member City Council District 5,TRUE,FALSE,,"""06""","""001""",,,,,sfnoid,,rcv_single_winner,1,"Ballot_Images/Alameda (Oakland, San Leandro, Berkeley)/Alameda (Oakland, San Leandro, Berkeley) 2014/ballot_image_Member, City Council, District 5 - San Leandro_Nov 2014.txt"
Cambridge City Council 2015,Cambridge,MA,2015,11/03/2015,City Council,FALSE,FALSE,,,,,,Ballot_Images/Cambridge/2015/council2015/*.chp,,prm,,stv_whole_ballot,9,Ballot_Images/Cambridge/2015/council2015/*.prm
Cambridge School Committee 2015,Cambridge,MA,2015,11/03/2015,School Committee,FALSE,FALSE,,,,,,Ballot_Images/Cambridge/2015/school2015/*.chp,,prm,,stv_whole_ballot,6,Ballot_Images/Cambridge/2015/school2015/*.prm
San Francisco Board of Supervisors District 3 2015,San Francisco,CA,2015,11/03/2015,Board of Supervisors District 3,TRUE,FALSE,,"""06""","""075""",,,,,"partial(sf, '0000003')",,rcv_single_winner,1,Ballot_Images/San Francisco/2015 All offices/20151119_ballotimage.txt
San Francisco Mayor 2015,San Francisco,CA,2015,11/03/2015,Mayor,TRUE,FALSE,,"""06""","""075""",,,,,"partial(sf, '0000001')",,rcv_single_winner,1,Ballot_Images/San Francisco/2015 All offices/20151119_ballotimage.txt
San Francisco Sheriff 2015,San Francisco,CA,2015,11/03/2015,Sheriff,TRUE,FALSE,,"""06""","""075""",,,,,"partial(sf, '0000002')",,rcv_single_winner,1,Ballot_Images/San Francisco/2015 All offices/20151119_ballotimage.txt
2016 BerkeleyCouncilD2,Berkeley,CA,2016,11/08/2016,CouncilD2,TRUE,FALSE,,"""06""","""001""",,,,,sfnoid,,rcv_single_winner,1,"Ballot_Images/Alameda (Oakland, San Leandro, Berkeley)/Alameda (Oakland, San Leandro, Berkeley) 2016/BerkeleyCouncilD2/ballot_image.txt"
2016 BerkeleyCouncilD3,Berkeley,CA,2016,11/08/2016,CouncilD3,TRUE,FALSE,,"""06""","""001""",,,,,sfnoid,,rcv_single_winner,1,"Ballot_Images/Alameda (Oakland, San Leandro, Berkeley)/Alameda (Oakland, San Leandro, Berkeley) 2016/BerkeleyCouncilD3/ballot_image.txt"
2016 BerkeleyCouncilD5,Berkeley,CA,2016,11/08/2016,CouncilD5,TRUE,FALSE,,"""06""","""001""",,,,,sfnoid,,rcv_single_winner,1,"Ballot_Images/Alameda (Oakland, San Leandro, Berkeley)/Alameda (Oakland, San Leandro, Berkeley) 2016/BerkeleyCouncilD5/ballot_image.txt"
2016 BerkeleyCouncilD6,Berkeley,CA,2016,11/08/2016,CouncilD6,TRUE,FALSE,,"""06""","""001""",,,,,sfnoid,,rcv_single_winner,1,"Ballot_Images/Alameda (Oakland, San Leandro, Berkeley)/Alameda (Oakland, San Leandro, Berkeley) 2016/BerkeleyCouncilD6/ballot_image.txt"
2016 BerkeleyMayor,Berkeley,CA,2016,11/08/2016,Mayor,TRUE,FALSE,,"""06""","""001""",,,,,sfnoid,,rcv_single_winner,1,"Ballot_Images/Alameda (Oakland, San Leandro, Berkeley)/Alameda (Oakland, San Leandro, Berkeley) 2016/BerkeleyMayor/ballot_image.txt"
2016 OaklandAttorney,Oakland,CA,2016,11/08/2016,Attorney,TRUE,FALSE,,"""06""","""001""",,,,,sfnoid,,rcv_single_winner,1,"Ballot_Images/Alameda (Oakland, San Leandro, Berkeley)/Alameda (Oakland, San Leandro, Berkeley) 2016/OaklandAttorney/ballot_image.txt"
2016 OaklandCouncilAtLrg,Oakland,CA,2016,11/08/2016,CouncilAtLrg,TRUE,FALSE,,"""06""","""001""",,,,,sfnoid,,rcv_single_winner,1,"Ballot_Images/Alameda (Oakland, San Leandro, Berkeley)/Alameda (Oakland, San Leandro, Berkeley) 2016/OaklandCouncilAtLrg/ballot_image.txt"
2016 OaklandCouncilD1,Oakland,CA,2016,11/08/2016,CouncilD1,TRUE,FALSE,,"""06""","""001""",,,,,sfnoid,,rcv_single_winner,1,"Ballot_Images/Alameda (Oakland, San Leandro, Berkeley)/Alameda (Oakland, San Leandro, Berkeley) 2016/OaklandCouncilD1/ballot_image.txt"
2016 OaklandCouncilD3,Oakland,CA,2016,11/08/2016,CouncilD3,TRUE,FALSE,,"""06""","""001""",,,,,sfnoid,,rcv_single_winner,1,"Ballot_Images/Alameda (Oakland, San Leandro, Berkeley)/Alameda (Oakland, San Leandro, Berkeley) 2016/OaklandCouncilD3/ballot_image.txt"
2016 OaklandCouncilD5,Oakland,CA,2016,11/08/2016,CouncilD5,TRUE,FALSE,,"""06""","""001""",,,,,sfnoid,,rcv_single_winner,1,"Ballot_Images/Alameda (Oakland, San Leandro, Berkeley)/Alameda (Oakland, San Leandro, Berkeley) 2016/OaklandCouncilD5/ballot_image.txt"
2016 OaklandCouncilD7,Oakland,CA,2016,11/08/2016,CouncilD7,TRUE,FALSE,,"""06""","""001""",,,,,sfnoid,,rcv_single_winner,1,"Ballot_Images/Alameda (Oakland, San Leandro, Berkeley)/Alameda (Oakland, San Leandro, Berkeley) 2016/OaklandCouncilD7/ballot_image.txt"
2016 OaklandSchoolD1,Oakland,CA,2016,11/08/2016,SchoolD1,TRUE,FALSE,,"""06""","""001""",,,,,sfnoid,,rcv_single_winner,1,"Ballot_Images/Alameda (Oakland, San Leandro, Berkeley)/Alameda (Oakland, San Leandro, Berkeley) 2016/OaklandSchoolD1/ballot_image.txt"
2016 OaklandSchoolD3,Oakland,CA,2016,11/08/2016,SchoolD3,TRUE,FALSE,,"""06""","""001""",,,,,sfnoid,,rcv_single_winner,1,"Ballot_Images/Alameda (Oakland, San Leandro, Berkeley)/Alameda (Oakland, San Leandro, Berkeley) 2016/OaklandSchoolD3/ballot_image.txt"
2016 OaklandSchoolD5,Oakland,CA,2016,11/08/2016,SchoolD5,TRUE,FALSE,,"""06""","""001""",,,,,sfnoid,,rcv_single_winner,1,"Ballot_Images/Alameda (Oakland, San Leandro, Berkeley)/Alameda (Oakland, San Leandro, Berkeley) 2016/OaklandSchoolD5/ballot_image.txt"
2016 OaklandSchoolD7,Oakland,CA,2016,11/08/2016,SchoolD7,TRUE,FALSE,,"""06""","""001""",,,,,sfnoid,,rcv_single_winner,1,"Ballot_Images/Alameda (Oakland, San Leandro, Berkeley)/Alameda (Oakland, San Leandro, Berkeley) 2016/OaklandSchoolD7/ballot_image.txt"
San Francisco Board of Supervisors District 1 2016,San Francisco,CA,2016,11/08/2016,Board of Supervisors District 1,TRUE,FALSE,,"""06""","""075""",,Ballot_Images/San Francisco/San Fran_Nov 2016/20161206_masterlookup.txt,,,"partial(sf, '0000009')",,rcv_single_winner,1,Ballot_Images/San Francisco/San Fran_Nov 2016/20161206_ballotimage.txt
San Francisco Board of Supervisors District 11 2016,San Francisco,CA,2016,11/08/2016,Board of Supervisors District 11,TRUE,FALSE,,"""06""","""075""",,Ballot_Images/San Francisco/San Fran_Nov 2016/20161206_masterlookup.txt,,,"partial(sf, '0000014')",,rcv_single_winner,1,Ballot_Images/San Francisco/San Fran_Nov 2016/20161206_ballotimage.txt
San Francisco Board of Supervisors District 3 2016,San Francisco,CA,2016,11/08/2016,Board of Supervisors District 3,TRUE,FALSE,,"""06""","""075""",,Ballot_Images/San Francisco/San Fran_Nov 2016/20161206_masterlookup.txt,,,"partial(sf, '0000010')",,rcv_single_winner,1,Ballot_Images/San Francisco/San Fran_Nov 2016/20161206_ballotimage.txt
San Francisco Board of Supervisors District 5 2016,San Francisco,CA,2016,11/08/2016,Board of Supervisors District 5,TRUE,FALSE,,"""06""","""075""",,Ballot_Images/San Francisco/San Fran_Nov 2016/20161206_masterlookup.txt,,,"partial(sf, '0000011')",,rcv_single_winner,1,Ballot_Images/San Francisco/San Fran_Nov 2016/20161206_ballotimage.txt
San Francisco Board of Supervisors District 7 2016,San Francisco,CA,2016,11/08/2016,Board of Supervisors District 7,TRUE,FALSE,,"""06""","""075""",,Ballot_Images/San Francisco/San Fran_Nov 2016/20161206_masterlookup.txt,,,"partial(sf, '0000012')",,rcv_single_winner,1,Ballot_Images/San Francisco/San Fran_Nov 2016/20161206_ballotimage.txt
San Francisco Board of Supervisors District 9 2016,San Francisco,CA,2016,11/08/2016,Board of Supervisors District 9,TRUE,FALSE,,"""06""","""075""",,Ballot_Images/San Francisco/San Fran_Nov 2016/20161206_masterlookup.txt,,,"partial(sf, '0000013')",,rcv_single_winner,1,Ballot_Images/San Francisco/San Fran_Nov 2016/20161206_ballotimage.txt
2016 SanLeandroCouncilD2,San Leandro,CA,2016,11/08/2016,CouncilD2,TRUE,FALSE,,"""06""","""001""",,,,,sfnoid,,rcv_single_winner,1,"Ballot_Images/Alameda (Oakland, San Leandro, Berkeley)/Alameda (Oakland, San Leandro, Berkeley) 2016/SanLeandroCouncilD2/ballot_image.txt"
2016 SanLeandroCouncilD4,San Leandro,CA,2016,11/08/2016,CouncilD4,TRUE,FALSE,,"""06""","""001""",,,,,sfnoid,,rcv_single_winner,1,"Ballot_Images/Alameda (Oakland, San Leandro, Berkeley)/Alameda (Oakland, San Leandro, Berkeley) 2016/SanLeandroCouncilD4/ballot_image.txt"
2016 SanLeandroCouncilD6,San Leandro,CA,2016,11/08/2016,CouncilD6,TRUE,FALSE,,"""06""","""001""",,,,,sfnoid,,rcv_single_winner,1,"Ballot_Images/Alameda (Oakland, San Leandro, Berkeley)/Alameda (Oakland, San Leandro, Berkeley) 2016/SanLeandroCouncilD6/ballot_image.txt"
Cambridge City Council 2017,Cambridge,MA,2017,11/07/2017,City Council,FALSE,FALSE,,,,,,Ballot_Images/Cambridge/2017/2017/City Council/council 2017 FINAL Order Test.chp,,prm,,stv_whole_ballot,9,Ballot_Images/Cambridge/2017/2017/City Council/*.prm
Cambridge School Committee 2017,Cambridge,MA,2017,11/07/2017,School Committee,FALSE,FALSE,,,,,,Ballot_Images/Cambridge/2017/2017/School Committee/school 2017 FINAL Order Test.chp,,prm,,stv_whole_ballot,6,Ballot_Images/Cambridge/2017/2017/School Committee/*.prm
2017 BerkCouncilD4,Berkeley,CA,2017,03/07/2017,CouncilD4,TRUE,FALSE,,"""06""","""001""",,,,,sfnoid,,rcv_single_winner,1,"Ballot_Images/Alameda (Oakland, San Leandro, Berkeley)/Alameda (Oakland, San Leandro, Berkeley) 2017/BerkCouncilD4/ballot_image.txt"
Minneapolis BOE 2017,Minneapolis,MN,2017,11/07/2017,BOE,FALSE,,TRUE,,,,,,,minneapolis,,stv_fractional_ballot,2,Ballot_Images/Minneapolis/2017/csv2017/2017-boe-cvr.xlsx.csv
Minneapolis Mayor 2017,Minneapolis,MN,2017,11/07/2017,Mayor,FALSE,,,,,,,,,minneapolis,,rcv_single_winner,1,Ballot_Images/Minneapolis/2017/csv2017/2017-mayor-cvr.xlsx.csv
Minneapolis Park At Large 2017,Minneapolis,MN,2017,11/07/2017,Park At Large,FALSE,,TRUE,,,,,,,minneapolis,,stv_fractional_ballot,3,Ballot_Images/Minneapolis/2017/csv2017/2017-park-at-large-cvr.xlsx.csv
Minneapolis Park District 1 2017,Minneapolis,MN,2017,11/07/2017,Park District 1,FALSE,,,,,,,,,minneapolis,,rcv_single_winner,1,Ballot_Images/Minneapolis/2017/csv2017/2017-park-district-1-cvr.xlsx.csv
Minneapolis Park District 2 2017,Minneapolis,MN,2017,11/07/2017,Park District 2,FALSE,,,,,,,,,minneapolis,,rcv_single_winner,1,Ballot_Images/Minneapolis/2017/csv2017/2017-park-district-2-cvr.xlsx.csv
Minneapolis Park District 3 2017,Minneapolis,MN,2017,11/07/2017,Park District 3,FALSE,,,,,,,,,minneapolis,,rcv_single_winner,1,Ballot_Images/Minneapolis/2017/csv2017/2017-park-district-3-cvr.xlsx.csv
Minneapolis Park District 4 2017,Minneapolis,MN,2017,11/07/2017,Park District 4,FALSE,,,,,,,,,minneapolis,,rcv_single_winner,1,Ballot_Images/Minneapolis/2017/csv2017/2017-park-district-4-cvr.xlsx.csv
Minneapolis Park District 5 2017,Minneapolis,MN,2017,11/07/2017,Park District 5,FALSE,,,,,,,,,minneapolis,,rcv_single_winner,1,Ballot_Images/Minneapolis/2017/csv2017/2017-park-district-5-cvr.xlsx.csv
Minneapolis Park District 6 2017,Minneapolis,MN,2017,11/07/2017,Park District 6,FALSE,,,,,,,,,minneapolis,,rcv_single_winner,1,Ballot_Images/Minneapolis/2017/csv2017/2017-park-district-6-cvr.xlsx.csv
Minneapolis Ward 1 2017,Minneapolis,MN,2017,11/07/2017,Ward 1,FALSE,,,,,,,,,minneapolis,,rcv_single_winner,1,Ballot_Images/Minneapolis/2017/csv2017/2017-ward-1-cvr.xlsx.csv
Minneapolis Ward 10 2017,Minneapolis,MN,2017,11/07/2017,Ward 10,FALSE,,,,,,,,,minneapolis,,rcv_single_winner,1,Ballot_Images/Minneapolis/2017/csv2017/2017-ward-10-cvr.xlsx.csv
Minneapolis Ward 11 2017,Minneapolis,MN,2017,11/07/2017,Ward 11,FALSE,,,,,,,,,minneapolis,,rcv_single_winner,1,Ballot_Images/Minneapolis/2017/csv2017/2017-ward-11-cvr.xlsx.csv
Minneapolis Ward 12 2017,Minneapolis,MN,2017,11/07/2017,Ward 12,FALSE,,,,,,,,,minneapolis,,rcv_single_winner,1,Ballot_Images/Minneapolis/2017/csv2017/2017-ward-12-cvr.xlsx.csv
Minneapolis Ward 13 2017,Minneapolis,MN,2017,11/07/2017,Ward 13,FALSE,,,,,,,,,minneapolis,,rcv_single_winner,1,Ballot_Images/Minneapolis/2017/csv2017/2017-ward-13-cvr.xlsx.csv
Minneapolis Ward 2 2017,Minneapolis,MN,2017,11/07/2017,Ward 2,FALSE,,,,,,,,,minneapolis,,rcv_single_winner,1,Ballot_Images/Minneapolis/2017/csv2017/2017-ward-2-cvr.xlsx.csv
Minneapolis Ward 3 2017,Minneapolis,MN,2017,11/07/2017,Ward 3,FALSE,,,,,,,,,minneapolis,,rcv_single_winner,1,Ballot_Images/Minneapolis/2017/csv2017/2017-ward-3-cvr.xlsx.csv
Minneapolis Ward 4 2017,Minneapolis,MN,2017,11/07/2017,Ward 4,FALSE,,,,,,,,,minneapolis,,rcv_single_winner,1,Ballot_Images/Minneapolis/2017/csv2017/2017-ward-4-cvr.xlsx.csv
Minneapolis Ward 5 2017,Minneapolis,MN,2017,11/07/2017,Ward 5,FALSE,,,,,,,,,minneapolis,,rcv_single_winner,1,Ballot_Images/Minneapolis/2017/csv2017/2017-ward-5-cvr.xlsx.csv
Minneapolis Ward 6 2017,Minneapolis,MN,2017,11/07/2017,Ward 6,FALSE,,,,,,,,,minneapolis,,rcv_single_winner,1,Ballot_Images/Minneapolis/2017/csv2017/2017-ward-6-cvr.xlsx.csv
Minneapolis Ward 7 2017,Minneapolis,MN,2017,11/07/2017,Ward 7,FALSE,,,,,,,,,minneapolis,,rcv_single_winner,1,Ballot_Images/Minneapolis/2017/csv2017/2017-ward-7-cvr.xlsx.csv
Minneapolis Ward 8 2017,Minneapolis,MN,2017,11/07/2017,Ward 8,FALSE,,,,,,,,,minneapolis,,rcv_single_winner,1,Ballot_Images/Minneapolis/2017/csv2017/2017-ward-8-cvr.xlsx.csv
Minneapolis Ward 9 2017,Minneapolis,MN,2017,11/07/2017,Ward 9,FALSE,,,,,,,,,minneapolis,,rcv_single_winner,1,Ballot_Images/Minneapolis/2017/csv2017/2017-ward-9-cvr.xlsx.csv
Berkeley City Auditor 2018,Berkeley,CA,2018,11/06/2018,City Auditor,TRUE,FALSE,,"""06""","""001""",,,,,sfnoid,,rcv_single_winner,1,"Ballot_Images/Alameda (Oakland, San Leandro, Berkeley)/Alameda2018/BerkeleyCityAuditor2018ballot_image.txt"
Berkeley Council D1 2018,Berkeley,CA,2018,11/06/2018,Council D1,TRUE,FALSE,,"""06""","""001""",,,,,sfnoid,,rcv_single_winner,1,"Ballot_Images/Alameda (Oakland, San Leandro, Berkeley)/Alameda2018/BerkeleyCouncilD12018ballot_image.txt"
Berkeley Council D4 2018,Berkeley,CA,2018,11/06/2018,Council D4,TRUE,FALSE,,"""06""","""001""",,,,,sfnoid,,rcv_single_winner,1,"Ballot_Images/Alameda (Oakland, San Leandro, Berkeley)/Alameda2018/BerkeleyCouncilD42018ballot_image.txt"
Berkeley Council D7 2018,Berkeley,CA,2018,11/06/2018,Council D7,TRUE,FALSE,,"""06""","""001""",,,,,sfnoid,,rcv_single_winner,1,"Ballot_Images/Alameda (Oakland, San Leandro, Berkeley)/Alameda2018/BerkeleyCouncilD72018ballot_image.txt"
Berkeley Council D8 2018,Berkeley,CA,2018,11/06/2018,Council D8,TRUE,FALSE,,"""06""","""001""",,,,,sfnoid,,rcv_single_winner,1,"Ballot_Images/Alameda (Oakland, San Leandro, Berkeley)/Alameda2018/BerkeleyCouncilD82018ballot_image.txt"
Oakland City Auditor 2018,Oakland,CA,2018,11/06/2018,City Auditor,TRUE,FALSE,,"""06""","""001""",,,,,sfnoid,,rcv_single_winner,1,"Ballot_Images/Alameda (Oakland, San Leandro, Berkeley)/Alameda2018/OaklandCityAuditor2018ballot_image.txt"
Oakland Council D2 2018,Oakland,CA,2018,11/06/2018,Council D2,TRUE,FALSE,,"""06""","""001""",,,,,sfnoid,,rcv_single_winner,1,"Ballot_Images/Alameda (Oakland, San Leandro, Berkeley)/Alameda2018/OaklandCouncilD22018ballot_image.txt"
Oakland Council D4 2018,Oakland,CA,2018,11/06/2018,Council D4,TRUE,FALSE,,"""06""","""001""",,,,,sfnoid,,rcv_single_winner,1,"Ballot_Images/Alameda (Oakland, San Leandro, Berkeley)/Alameda2018/OaklandCouncilD42018ballot_image.txt"
Oakland Council D6 2018,Oakland,CA,2018,11/06/2018,Council D6,TRUE,FALSE,,"""06""","""001""",,,,,sfnoid,,rcv_single_winner,1,"Ballot_Images/Alameda (Oakland, San Leandro, Berkeley)/Alameda2018/OaklandCouncilD62018ballot_image.txt"
Oakland Mayor 2018,Oakland,CA,2018,11/06/2018,Mayor,TRUE,FALSE,,"""06""","""001""",,,,,sfnoid,,rcv_single_winner,1,"Ballot_Images/Alameda (Oakland, San Leandro, Berkeley)/Alameda2018/OaklandMayor2018ballot_image.txt"
Oakland School D2 2018,Oakland,CA,2018,11/06/2018,School D2,TRUE,FALSE,,"""06""","""001""",,,,,sfnoid,,rcv_single_winner,1,"Ballot_Images/Alameda (Oakland, San Leandro, Berkeley)/Alameda2018/OaklandSchoolD22018ballot_image.txt"
Oakland School D4 2018,Oakland,CA,2018,11/06/2018,School D4,TRUE,FALSE,,"""06""","""001""",,,,,sfnoid,,rcv_single_winner,1,"Ballot_Images/Alameda (Oakland, San Leandro, Berkeley)/Alameda2018/OaklandSchoolD42018ballot_image.txt"
Oakland School D6 2018,Oakland,CA,2018,11/06/2018,School D6,TRUE,FALSE,,"""06""","""001""",,,,,sfnoid,,rcv_single_winner,1,"Ballot_Images/Alameda (Oakland, San Leandro, Berkeley)/Alameda2018/OaklandSchoolD62018ballot_image.txt"
San Francisco Assessor-Recorder 2018,San Francisco,CA,2018,11/06/2018,Assessor-Recorder,TRUE,FALSE,,"""06""","""075""",,Ballot_Images/San Francisco/San Fran_Nov 2018/20181127_masterlookup.txt,,,sfnoid,,rcv_single_winner,1,Ballot_Images/San Francisco/San Fran_Nov 2018/20181127_assessor_ballotimage.txt
San Francisco Board of Supervisors District 10 2018,San Francisco,CA,2018,11/06/2018,Board of Supervisors District 10,TRUE,FALSE,,"""06""","""075""",,Ballot_Images/San Francisco/San Fran_Nov 2018/20181127_masterlookup.txt,,,sfnoid,,rcv_single_winner,1,Ballot_Images/San Francisco/San Fran_Nov 2018/20181127_d10_ballotimage.txt
San Francisco Board of Supervisors District 2 2018,San Francisco,CA,2018,11/06/2018,Board of Supervisors District 2,TRUE,FALSE,,"""06""","""075""",,Ballot_Images/San Francisco/San Fran_Nov 2018/20181127_masterlookup.txt,,,sfnoid,,rcv_single_winner,1,Ballot_Images/San Francisco/San Fran_Nov 2018/20181127_d2_ballotimage.txt
San Francisco Board of Supervisors District 4 2018,San Francisco,CA,2018,11/06/2018,Board of Supervisors District 4,TRUE,FALSE,,"""06""","""075""",,Ballot_Images/San Francisco/San Fran_Nov 2018/20181127_masterlookup.txt,,,sfnoid,,rcv_single_winner,1,Ballot_Images/San Francisco/San Fran_Nov 2018/20181127_d4_ballotimage.txt
San Francisco Board of Supervisors District 6 2018,San Francisco,CA,2018,11/06/2018,Board of Supervisors District 6,TRUE,FALSE,,"""06""","""075""",,Ballot_Images/San Francisco/San Fran_Nov 2018/20181127_masterlookup.txt,,,sfnoid,,rcv_single_winner,1,Ballot_Images/San Francisco/San Fran_Nov 2018/20181127_d6_ballotimage.txt
San Francisco Board of Supervisors District 8 2018,San Francisco,CA,2018,11/06/2018,Board of Supervisors District 8,TRUE,FALSE,,"""06""","""075""",,Ballot_Images/San Francisco/San Fran_Nov 2018/20181127_masterlookup.txt,,,sfnoid,,rcv_single_winner,1,Ballot_Images/San Francisco/San Fran_Nov 2018/20181127_d8_ballotimage.txt
San Francisco Board of Supervisors District 8 June 2018,San Francisco,CA,2018,06/05/2018,Board of Supervisors District 8,TRUE,FALSE,,"""06""","""075""",,,,,"partial(sf, '0000021')",,rcv_single_winner,1,Ballot_Images/San Francisco/San Fran June 2018/20180621_ballotimage.txt
San Francisco Mayor June 2018,San Francisco,CA,2018,11/06/2018,Mayor,TRUE,FALSE,,"""06""","""075""",,,,,"partial(sf, '0000020')",,rcv_single_winner,1,Ballot_Images/San Francisco/San Fran June 2018/20180621_ballotimage.txt
San Francisco Public Defender 2018,San Francisco,CA,2018,11/06/2018,Public Defender,TRUE,FALSE,,"""06""","""075""",,Ballot_Images/San Francisco/San Fran_Nov 2018/20181127_masterlookup.txt,,,sfnoid,,rcv_single_winner,1,Ballot_Images/San Francisco/San Fran_Nov 2018/20181127_defender_ballotimage.txt
San Leandro Council D1 2018,San Leandro,CA,2018,11/06/2018,Council D1,TRUE,FALSE,,"""06""","""001""",,,,,sfnoid,,rcv_single_winner,1,"Ballot_Images/Alameda (Oakland, San Leandro, Berkeley)/Alameda2018/SanLeandroCouncilD12018ballot_image.txt"
San Leandro Council D3 2018,San Leandro,CA,2018,11/06/2018,Council D3,TRUE,FALSE,,"""06""","""001""",,,,,sfnoid,,rcv_single_winner,1,"Ballot_Images/Alameda (Oakland, San Leandro, Berkeley)/Alameda2018/SanLeandroCouncilD32018ballot_image.txt"
San Leandro Council D5 2018,San Leandro,CA,2018,11/06/2018,Council D5,TRUE,FALSE,,"""06""","""001""",,,,,sfnoid,,rcv_single_winner,1,"Ballot_Images/Alameda (Oakland, San Leandro, Berkeley)/Alameda2018/SanLeandroCouncilD52018ballot_image.txt"
San Leandro Mayor 2018,San Leandro,CA,2018,11/06/2018,Mayor,TRUE,FALSE,,"""06""","""001""",,,,,sfnoid,,rcv_single_winner,1,"Ballot_Images/Alameda (Oakland, San Leandro, Berkeley)/Alameda2018/SanLeandroMayor2018ballot_image.txt"
Maine Democratic Primary for CD2 2018,Maine,ME,2018,06/12/2018,Democratic Primary for CD2,,TRUE,,,,1,,,,"partial(maine, 5)",,rcv_single_winner,1,Ballot_Images/Maine/2018/csvMaine/Maine_Democratic_Primary_for_CD2_CVR.xlsx.csv
Maine Democratic Primary for Governor 2018,Maine,ME,2018,06/12/2018,Democratic Primary for Governor,,TRUE,,,,1,,,,"partial(maine, 8)",,rcv_single_winner,1,Ballot_Images/Maine/2018/csvMaine/Maine Democratic Primary for Governor CVR.xlsx.csv
Maine General CD2 CVR Updated 2018,Maine,ME,2018,06/12/2018,General CD2 CVR,,TRUE,,,,1,,,,"partial(maine, 5)",,rcv_single_winner,1,Ballot_Images/Maine/2018/csvMaine/Maine General CD2 CVR Updated.xlsx.csv
Santa Fe Councilor District 2 2018,Santa Fe,NM,2018,03/06/2018,Councilor District 2,,,,,,,,,,"partial(santafe, 1, 3)","partial(santafe_id, 1, 3)",rcv_single_winner,1,Ballot_Images/Santa_Fe/csvFiles/CvrExport.csv
Santa Fe Councilor District 4 2018,Santa Fe,NM,2018,03/06/2018,Councilor District 4,,,,,,,,,,"partial(santafe, 1, 5)","partial(santafe_id, 1, 5)",rcv_single_winner,1,Ballot_Images/Santa_Fe/csvFiles/CvrExport.csv
Santa Fe Mayor 2018,Santa Fe,NM,2018,03/06/2018,Mayor,,,,,,,,,,"partial(santafe, 0, 1)","partial(santafe_id, 0, 1)",rcv_single_winner,1,Ballot_Images/Santa_Fe/csvFiles/CvrExport.csv
Eastpointe City Council 2019,Eastpointe,MI,2019,11/05/2019,City Council,,TRUE,TRUE,,,,,,,ep,,stv_fractional_ballot,2,Ballot_Images/Eastpointe/Eastpointe CVR Cleaned.csv
Payson City Council 2019,Payson,UT,2019,11/05/2019,City Council,,TRUE,,,,,,,,utah,,sequential_rcv,3,Ballot_Images/Payson/2019/Payson.csv
Vineyard City Council 2019,Vineyard,UT,2019,11/05/2019,City Council,,TRUE,,,,,,,,utah,,sequential_rcv,2,Ballot_Images/Vineyard/2019/Vineyard.csv
"San Francisco Board of Supervisors, District 5 2019",San Francisco,CA,2019,11/05/2019,"Member, Board of Supervisors, District 5",,,,"""06""","""075""",,,,,sf2019,,rcv_single_winner,1,Ballot_Images/San Francisco/San Fran_Nov 2019/CVR_Export_20191125163446
San Francisco City Attorney 2019,San Francisco,CA,2019,11/05/2019,City Attorney,,,,"""06""","""075""",,,,,sf2019,,rcv_single_winner,1,Ballot_Images/San Francisco/San Fran_Nov 2019/CVR_Export_20191125163446
San Francisco District Attorney 2019,San Francisco,CA,2019,11/05/2019,District Attorney,,,,"""06""","""075""",,,,,sf2019,,rcv_single_winner,1,Ballot_Images/San Francisco/San Fran_Nov 2019/CVR_Export_20191125163446
San Francisco Mayor 2019,San Francisco,CA,2019,11/05/2019,Mayor,,,,"""06""","""075""",,,,,sf2019,,rcv_single_winner,1,Ballot_Images/San Francisco/San Fran_Nov 2019/CVR_Export_20191125163446
San Francisco Public Defender 2019,San Francisco,CA,2019,11/05/2019,Public Defender,,,,"""06""","""075""",,,,,sf2019,,rcv_single_winner,1,Ballot_Images/San Francisco/San Fran_Nov 2019/CVR_Export_20191125163446
San Francisco Sheriff 2019,San Francisco,CA,2019,11/05/2019,Sheriff,,,,"""06""","""075""",,,,,sf2019,,rcv_single_winner,1,Ballot_Images/San Francisco/San Fran_Nov 2019/CVR_Export_20191125163446
San Francisco Treasurer 2019,San Francisco,CA,2019,11/05/2019,Treasurer,,,,"""06""","""075""",,,,,sf2019,,rcv_single_winner,1,Ballot_Images/San Francisco/San Fran_Nov 2019/CVR_Export_20191125163446
